date,cash_rate
4-Jan-11,4.75
5-Jan-11,4.75
6-Jan-11,4.75
7-Jan-11,4.75
10-Jan-11,4.75
11-Jan-11,4.75
12-Jan-11,4.75
13-Jan-11,4.75
14-Jan-11,4.75
17-Jan-11,4.75
18-Jan-11,4.75
19-Jan-11,4.75
20-Jan-11,4.75
21-Jan-11,4.75
24-Jan-11,4.75
25-Jan-11,4.75
27-Jan-11,4.75
28-Jan-11,4.75
31-Jan-11,4.75
1-Feb-11,4.75
2-Feb-11,4.75
3-Feb-11,4.75
4-Feb-11,4.75
7-Feb-11,4.75
8-Feb-11,4.75
9-Feb-11,4.75
10-Feb-11,4.75
11-Feb-11,4.75
14-Feb-11,4.75
15-Feb-11,4.75
16-Feb-11,4.75
17-Feb-11,4.75
18-Feb-11,4.75
21-Feb-11,4.75
22-Feb-11,4.75
23-Feb-11,4.75
24-Feb-11,4.75
25-Feb-11,4.75
28-Feb-11,4.75
1-Mar-11,4.75
2-Mar-11,4.75
3-Mar-11,4.75
4-Mar-11,4.75
7-Mar-11,4.75
8-Mar-11,4.75
9-Mar-11,4.75
10-Mar-11,4.75
11-Mar-11,4.75
14-Mar-11,4.75
15-Mar-11,4.75
16-Mar-11,4.75
17-Mar-11,4.75
18-Mar-11,4.75
21-Mar-11,4.75
22-Mar-11,4.75
23-Mar-11,4.75
24-Mar-11,4.75
25-Mar-11,4.75
28-Mar-11,4.75
29-Mar-11,4.75
30-Mar-11,4.75
31-Mar-11,4.75
1-Apr-11,4.75
4-Apr-11,4.75
5-Apr-11,4.75
6-Apr-11,4.75
7-Apr-11,4.75
8-Apr-11,4.75
11-Apr-11,4.75
12-Apr-11,4.75
13-Apr-11,4.75
14-Apr-11,4.75
15-Apr-11,4.75
18-Apr-11,4.75
19-Apr-11,4.75
20-Apr-11,4.75
21-Apr-11,4.75
27-Apr-11,4.75
28-Apr-11,4.75
29-Apr-11,4.75
2-May-11,4.75
3-May-11,4.75
4-May-11,4.75
5-May-11,4.75
6-May-11,4.75
9-May-11,4.75
10-May-11,4.75
11-May-11,4.75
12-May-11,4.75
13-May-11,4.75
16-May-11,4.75
17-May-11,4.75
18-May-11,4.75
19-May-11,4.75
20-May-11,4.75
23-May-11,4.75
24-May-11,4.75
25-May-11,4.75
26-May-11,4.75
27-May-11,4.75
30-May-11,4.75
31-May-11,4.75
1-Jun-11,4.75
2-Jun-11,4.75
3-Jun-11,4.75
6-Jun-11,4.75
7-Jun-11,4.75
8-Jun-11,4.75
9-Jun-11,4.75
10-Jun-11,4.75
14-Jun-11,4.75
15-Jun-11,4.75
16-Jun-11,4.75
17-Jun-11,4.75
20-Jun-11,4.75
21-Jun-11,4.75
22-Jun-11,4.75
23-Jun-11,4.75
24-Jun-11,4.75
27-Jun-11,4.75
28-Jun-11,4.75
29-Jun-11,4.75
30-Jun-11,4.75
1-Jul-11,4.75
4-Jul-11,4.75
5-Jul-11,4.75
6-Jul-11,4.75
7-Jul-11,4.75
8-Jul-11,4.75
11-Jul-11,4.75
12-Jul-11,4.75
13-Jul-11,4.75
14-Jul-11,4.75
15-Jul-11,4.75
18-Jul-11,4.75
19-Jul-11,4.75
20-Jul-11,4.75
21-Jul-11,4.75
22-Jul-11,4.75
25-Jul-11,4.75
26-Jul-11,4.75
27-Jul-11,4.75
28-Jul-11,4.75
29-Jul-11,4.75
1-Aug-11,4.75
2-Aug-11,4.75
3-Aug-11,4.75
4-Aug-11,4.75
5-Aug-11,4.75
8-Aug-11,4.75
9-Aug-11,4.75
10-Aug-11,4.75
11-Aug-11,4.75
12-Aug-11,4.75
15-Aug-11,4.75
16-Aug-11,4.75
17-Aug-11,4.75
18-Aug-11,4.75
19-Aug-11,4.75
22-Aug-11,4.75
23-Aug-11,4.75
24-Aug-11,4.75
25-Aug-11,4.75
26-Aug-11,4.75
29-Aug-11,4.75
30-Aug-11,4.75
31-Aug-11,4.75
1-Sep-11,4.75
2-Sep-11,4.75
5-Sep-11,4.75
6-Sep-11,4.75
7-Sep-11,4.75
8-Sep-11,4.75
9-Sep-11,4.75
12-Sep-11,4.75
13-Sep-11,4.75
14-Sep-11,4.75
15-Sep-11,4.75
16-Sep-11,4.75
19-Sep-11,4.75
20-Sep-11,4.75
21-Sep-11,4.75
22-Sep-11,4.75
23-Sep-11,4.75
26-Sep-11,4.75
27-Sep-11,4.75
28-Sep-11,4.75
29-Sep-11,4.75
30-Sep-11,4.75
3-Oct-11,4.75
4-Oct-11,4.75
5-Oct-11,4.75
6-Oct-11,4.75
7-Oct-11,4.75
10-Oct-11,4.75
11-Oct-11,4.75
12-Oct-11,4.75
13-Oct-11,4.75
14-Oct-11,4.75
17-Oct-11,4.75
18-Oct-11,4.75
19-Oct-11,4.75
20-Oct-11,4.75
21-Oct-11,4.75
24-Oct-11,4.75
25-Oct-11,4.75
26-Oct-11,4.75
27-Oct-11,4.75
28-Oct-11,4.75
31-Oct-11,4.75
1-Nov-11,4.75
2-Nov-11,4.5
3-Nov-11,4.5
4-Nov-11,4.5
7-Nov-11,4.5
8-Nov-11,4.5
9-Nov-11,4.5
10-Nov-11,4.5
11-Nov-11,4.5
14-Nov-11,4.5
15-Nov-11,4.5
16-Nov-11,4.5
17-Nov-11,4.5
18-Nov-11,4.5
21-Nov-11,4.5
22-Nov-11,4.5
23-Nov-11,4.5
24-Nov-11,4.5
25-Nov-11,4.5
28-Nov-11,4.5
29-Nov-11,4.5
30-Nov-11,4.5
1-Dec-11,4.5
2-Dec-11,4.5
5-Dec-11,4.5
6-Dec-11,4.5
7-Dec-11,4.25
8-Dec-11,4.25
9-Dec-11,4.25
12-Dec-11,4.25
13-Dec-11,4.25
14-Dec-11,4.25
15-Dec-11,4.25
16-Dec-11,4.25
19-Dec-11,4.25
20-Dec-11,4.25
21-Dec-11,4.25
22-Dec-11,4.25
23-Dec-11,4.25
28-Dec-11,4.25
29-Dec-11,4.25
30-Dec-11,4.25
3-Jan-12,4.25
4-Jan-12,4.25
5-Jan-12,4.25
6-Jan-12,4.25
9-Jan-12,4.25
10-Jan-12,4.25
11-Jan-12,4.25
12-Jan-12,4.25
13-Jan-12,4.25
16-Jan-12,4.25
17-Jan-12,4.25
18-Jan-12,4.25
19-Jan-12,4.25
20-Jan-12,4.25
23-Jan-12,4.25
24-Jan-12,4.25
25-Jan-12,4.25
27-Jan-12,4.25
30-Jan-12,4.25
31-Jan-12,4.25
1-Feb-12,4.25
2-Feb-12,4.25
3-Feb-12,4.25
6-Feb-12,4.25
7-Feb-12,4.25
8-Feb-12,4.25
9-Feb-12,4.25
10-Feb-12,4.25
13-Feb-12,4.25
14-Feb-12,4.25
15-Feb-12,4.25
16-Feb-12,4.25
17-Feb-12,4.25
20-Feb-12,4.25
21-Feb-12,4.25
22-Feb-12,4.25
23-Feb-12,4.25
24-Feb-12,4.25
27-Feb-12,4.25
28-Feb-12,4.25
29-Feb-12,4.25
1-Mar-12,4.25
2-Mar-12,4.25
5-Mar-12,4.25
6-Mar-12,4.25
7-Mar-12,4.25
8-Mar-12,4.25
9-Mar-12,4.25
12-Mar-12,4.25
13-Mar-12,4.25
14-Mar-12,4.25
15-Mar-12,4.25
16-Mar-12,4.25
19-Mar-12,4.25
20-Mar-12,4.25
21-Mar-12,4.25
22-Mar-12,4.25
23-Mar-12,4.25
26-Mar-12,4.25
27-Mar-12,4.25
28-Mar-12,4.25
29-Mar-12,4.25
30-Mar-12,4.25
2-Apr-12,4.25
3-Apr-12,4.25
4-Apr-12,4.25
5-Apr-12,4.25
10-Apr-12,4.25
11-Apr-12,4.25
12-Apr-12,4.25
13-Apr-12,4.25
16-Apr-12,4.25
17-Apr-12,4.25
18-Apr-12,4.25
19-Apr-12,4.25
20-Apr-12,4.25
23-Apr-12,4.25
24-Apr-12,4.25
26-Apr-12,4.25
27-Apr-12,4.25
30-Apr-12,4.25
1-May-12,4.25
2-May-12,3.75
3-May-12,3.75
4-May-12,3.75
7-May-12,3.75
8-May-12,3.75
9-May-12,3.75
10-May-12,3.75
11-May-12,3.75
14-May-12,3.75
15-May-12,3.75
16-May-12,3.75
17-May-12,3.75
18-May-12,3.75
21-May-12,3.75
22-May-12,3.75
23-May-12,3.75
24-May-12,3.75
25-May-12,3.75
28-May-12,3.75
29-May-12,3.75
30-May-12,3.75
31-May-12,3.75
1-Jun-12,3.75
4-Jun-12,3.75
5-Jun-12,3.75
6-Jun-12,3.5
7-Jun-12,3.5
8-Jun-12,3.5
12-Jun-12,3.5
13-Jun-12,3.5
14-Jun-12,3.5
15-Jun-12,3.5
18-Jun-12,3.5
19-Jun-12,3.5
20-Jun-12,3.5
21-Jun-12,3.5
22-Jun-12,3.5
25-Jun-12,3.5
26-Jun-12,3.5
27-Jun-12,3.5
28-Jun-12,3.5
29-Jun-12,3.5
2-Jul-12,3.5
3-Jul-12,3.5
4-Jul-12,3.5
5-Jul-12,3.5
6-Jul-12,3.5
9-Jul-12,3.5
10-Jul-12,3.5
11-Jul-12,3.5
12-Jul-12,3.5
13-Jul-12,3.5
16-Jul-12,3.5
17-Jul-12,3.5
18-Jul-12,3.5
19-Jul-12,3.5
20-Jul-12,3.5
23-Jul-12,3.5
24-Jul-12,3.5
25-Jul-12,3.5
26-Jul-12,3.5
27-Jul-12,3.5
30-Jul-12,3.5
31-Jul-12,3.5
1-Aug-12,3.5
2-Aug-12,3.5
3-Aug-12,3.5
6-Aug-12,3.5
7-Aug-12,3.5
8-Aug-12,3.5
9-Aug-12,3.5
10-Aug-12,3.5
13-Aug-12,3.5
14-Aug-12,3.5
15-Aug-12,3.5
16-Aug-12,3.5
17-Aug-12,3.5
20-Aug-12,3.5
21-Aug-12,3.5
22-Aug-12,3.5
23-Aug-12,3.5
24-Aug-12,3.5
27-Aug-12,3.5
28-Aug-12,3.5
29-Aug-12,3.5
30-Aug-12,3.5
31-Aug-12,3.5
3-Sep-12,3.5
4-Sep-12,3.5
5-Sep-12,3.5
6-Sep-12,3.5
7-Sep-12,3.5
10-Sep-12,3.5
11-Sep-12,3.5
12-Sep-12,3.5
13-Sep-12,3.5
14-Sep-12,3.5
17-Sep-12,3.5
18-Sep-12,3.5
19-Sep-12,3.5
20-Sep-12,3.5
21-Sep-12,3.5
24-Sep-12,3.5
25-Sep-12,3.5
26-Sep-12,3.5
27-Sep-12,3.5
28-Sep-12,3.5
1-Oct-12,3.5
2-Oct-12,3.5
3-Oct-12,3.25
4-Oct-12,3.25
5-Oct-12,3.25
8-Oct-12,3.25
9-Oct-12,3.25
10-Oct-12,3.25
11-Oct-12,3.25
12-Oct-12,3.25
15-Oct-12,3.25
16-Oct-12,3.25
17-Oct-12,3.25
18-Oct-12,3.25
19-Oct-12,3.25
22-Oct-12,3.25
23-Oct-12,3.25
24-Oct-12,3.25
25-Oct-12,3.25
26-Oct-12,3.25
29-Oct-12,3.25
30-Oct-12,3.25
31-Oct-12,3.25
1-Nov-12,3.25
2-Nov-12,3.25
5-Nov-12,3.25
6-Nov-12,3.25
7-Nov-12,3.25
8-Nov-12,3.25
9-Nov-12,3.25
12-Nov-12,3.25
13-Nov-12,3.25
14-Nov-12,3.25
15-Nov-12,3.25
16-Nov-12,3.25
19-Nov-12,3.25
20-Nov-12,3.25
21-Nov-12,3.25
22-Nov-12,3.25
23-Nov-12,3.25
26-Nov-12,3.25
27-Nov-12,3.25
28-Nov-12,3.25
29-Nov-12,3.25
30-Nov-12,3.25
3-Dec-12,3.25
4-Dec-12,3.25
5-Dec-12,3
6-Dec-12,3
7-Dec-12,3
10-Dec-12,3
11-Dec-12,3
12-Dec-12,3
13-Dec-12,3
14-Dec-12,3
17-Dec-12,3
18-Dec-12,3
19-Dec-12,3
20-Dec-12,3
21-Dec-12,3
24-Dec-12,3
27-Dec-12,3
28-Dec-12,3
31-Dec-12,3
2-Jan-13,3
3-Jan-13,3
4-Jan-13,3
7-Jan-13,3
8-Jan-13,3
9-Jan-13,3
10-Jan-13,3
11-Jan-13,3
14-Jan-13,3
15-Jan-13,3
16-Jan-13,3
17-Jan-13,3
18-Jan-13,3
21-Jan-13,3
22-Jan-13,3
23-Jan-13,3
24-Jan-13,3
25-Jan-13,3
29-Jan-13,3
30-Jan-13,3
31-Jan-13,3
1-Feb-13,3
4-Feb-13,3
5-Feb-13,3
6-Feb-13,3
7-Feb-13,3
8-Feb-13,3
11-Feb-13,3
12-Feb-13,3
13-Feb-13,3
14-Feb-13,3
15-Feb-13,3
18-Feb-13,3
19-Feb-13,3
20-Feb-13,3
21-Feb-13,3
22-Feb-13,3
25-Feb-13,3
26-Feb-13,3
27-Feb-13,3
28-Feb-13,3
1-Mar-13,3
4-Mar-13,3
5-Mar-13,3
6-Mar-13,3
7-Mar-13,3
8-Mar-13,3
11-Mar-13,3
12-Mar-13,3
13-Mar-13,3
14-Mar-13,3
15-Mar-13,3
18-Mar-13,3
19-Mar-13,3
20-Mar-13,3
21-Mar-13,3
22-Mar-13,3
25-Mar-13,3
26-Mar-13,3
27-Mar-13,3
28-Mar-13,3
2-Apr-13,3
3-Apr-13,3
4-Apr-13,3
5-Apr-13,3
8-Apr-13,3
9-Apr-13,3
10-Apr-13,3
11-Apr-13,3
12-Apr-13,3
15-Apr-13,3
16-Apr-13,3
17-Apr-13,3
18-Apr-13,3
19-Apr-13,3
22-Apr-13,3
23-Apr-13,3
24-Apr-13,3
26-Apr-13,3
29-Apr-13,3
30-Apr-13,3
1-May-13,3
2-May-13,3
3-May-13,3
6-May-13,3
7-May-13,3
8-May-13,2.75
9-May-13,2.75
10-May-13,2.75
13-May-13,2.75
14-May-13,2.75
15-May-13,2.75
16-May-13,2.75
17-May-13,2.75
20-May-13,2.75
21-May-13,2.75
22-May-13,2.75
23-May-13,2.75
24-May-13,2.75
27-May-13,2.75
28-May-13,2.75
29-May-13,2.75
30-May-13,2.75
31-May-13,2.75
3-Jun-13,2.75
4-Jun-13,2.75
5-Jun-13,2.75
6-Jun-13,2.75
7-Jun-13,2.75
11-Jun-13,2.75
12-Jun-13,2.75
13-Jun-13,2.75
14-Jun-13,2.75
17-Jun-13,2.75
18-Jun-13,2.75
19-Jun-13,2.75
20-Jun-13,2.75
21-Jun-13,2.75
24-Jun-13,2.75
25-Jun-13,2.75
26-Jun-13,2.75
27-Jun-13,2.75
28-Jun-13,2.75
1-Jul-13,2.75
2-Jul-13,2.75
3-Jul-13,2.75
4-Jul-13,2.75
5-Jul-13,2.75
8-Jul-13,2.75
9-Jul-13,2.75
10-Jul-13,2.75
11-Jul-13,2.75
12-Jul-13,2.75
15-Jul-13,2.75
16-Jul-13,2.75
17-Jul-13,2.75
18-Jul-13,2.75
19-Jul-13,2.75
22-Jul-13,2.75
23-Jul-13,2.75
24-Jul-13,2.75
25-Jul-13,2.75
26-Jul-13,2.75
29-Jul-13,2.75
30-Jul-13,2.75
31-Jul-13,2.75
1-Aug-13,2.75
2-Aug-13,2.75
5-Aug-13,2.75
6-Aug-13,2.75
7-Aug-13,2.5
8-Aug-13,2.5
9-Aug-13,2.5
12-Aug-13,2.5
13-Aug-13,2.5
14-Aug-13,2.5
15-Aug-13,2.5
16-Aug-13,2.5
19-Aug-13,2.5
20-Aug-13,2.5
21-Aug-13,2.5
22-Aug-13,2.5
23-Aug-13,2.5
26-Aug-13,2.5
27-Aug-13,2.5
28-Aug-13,2.5
29-Aug-13,2.5
30-Aug-13,2.5
2-Sep-13,2.5
3-Sep-13,2.5
4-Sep-13,2.5
5-Sep-13,2.5
6-Sep-13,2.5
9-Sep-13,2.5
10-Sep-13,2.5
11-Sep-13,2.5
12-Sep-13,2.5
13-Sep-13,2.5
16-Sep-13,2.5
17-Sep-13,2.5
18-Sep-13,2.5
19-Sep-13,2.5
20-Sep-13,2.5
23-Sep-13,2.5
24-Sep-13,2.5
25-Sep-13,2.5
26-Sep-13,2.5
27-Sep-13,2.5
30-Sep-13,2.5
1-Oct-13,2.5
2-Oct-13,2.5
3-Oct-13,2.5
4-Oct-13,2.5
7-Oct-13,2.5
8-Oct-13,2.5
9-Oct-13,2.5
10-Oct-13,2.5
11-Oct-13,2.5
14-Oct-13,2.5
15-Oct-13,2.5
16-Oct-13,2.5
17-Oct-13,2.5
18-Oct-13,2.5
21-Oct-13,2.5
22-Oct-13,2.5
23-Oct-13,2.5
24-Oct-13,2.5
25-Oct-13,2.5
28-Oct-13,2.5
29-Oct-13,2.5
30-Oct-13,2.5
31-Oct-13,2.5
1-Nov-13,2.5
4-Nov-13,2.5
5-Nov-13,2.5
6-Nov-13,2.5
7-Nov-13,2.5
8-Nov-13,2.5
11-Nov-13,2.5
12-Nov-13,2.5
13-Nov-13,2.5
14-Nov-13,2.5
15-Nov-13,2.5
18-Nov-13,2.5
19-Nov-13,2.5
20-Nov-13,2.5
21-Nov-13,2.5
22-Nov-13,2.5
25-Nov-13,2.5
26-Nov-13,2.5
27-Nov-13,2.5
28-Nov-13,2.5
29-Nov-13,2.5
2-Dec-13,2.5
3-Dec-13,2.5
4-Dec-13,2.5
5-Dec-13,2.5
6-Dec-13,2.5
9-Dec-13,2.5
10-Dec-13,2.5
11-Dec-13,2.5
12-Dec-13,2.5
13-Dec-13,2.5
16-Dec-13,2.5
17-Dec-13,2.5
18-Dec-13,2.5
19-Dec-13,2.5
20-Dec-13,2.5
23-Dec-13,2.5
24-Dec-13,2.5
27-Dec-13,2.5
30-Dec-13,2.5
31-Dec-13,2.5
2-Jan-14,2.5
3-Jan-14,2.5
6-Jan-14,2.5
7-Jan-14,2.5
8-Jan-14,2.5
9-Jan-14,2.5
10-Jan-14,2.5
13-Jan-14,2.5
14-Jan-14,2.5
15-Jan-14,2.5
16-Jan-14,2.5
17-Jan-14,2.5
20-Jan-14,2.5
21-Jan-14,2.5
22-Jan-14,2.5
23-Jan-14,2.5
24-Jan-14,2.5
28-Jan-14,2.5
29-Jan-14,2.5
30-Jan-14,2.5
31-Jan-14,2.5
3-Feb-14,2.5
4-Feb-14,2.5
5-Feb-14,2.5
6-Feb-14,2.5
7-Feb-14,2.5
10-Feb-14,2.5
11-Feb-14,2.5
12-Feb-14,2.5
13-Feb-14,2.5
14-Feb-14,2.5
17-Feb-14,2.5
18-Feb-14,2.5
19-Feb-14,2.5
20-Feb-14,2.5
21-Feb-14,2.5
24-Feb-14,2.5
25-Feb-14,2.5
26-Feb-14,2.5
27-Feb-14,2.5
28-Feb-14,2.5
3-Mar-14,2.5
4-Mar-14,2.5
5-Mar-14,2.5
6-Mar-14,2.5
7-Mar-14,2.5
10-Mar-14,2.5
11-Mar-14,2.5
12-Mar-14,2.5
13-Mar-14,2.5
14-Mar-14,2.5
17-Mar-14,2.5
18-Mar-14,2.5
19-Mar-14,2.5
20-Mar-14,2.5
21-Mar-14,2.5
24-Mar-14,2.5
25-Mar-14,2.5
26-Mar-14,2.5
27-Mar-14,2.5
28-Mar-14,2.5
31-Mar-14,2.5
1-Apr-14,2.5
2-Apr-14,2.5
3-Apr-14,2.5
4-Apr-14,2.5
7-Apr-14,2.5
8-Apr-14,2.5
9-Apr-14,2.5
10-Apr-14,2.5
11-Apr-14,2.5
14-Apr-14,2.5
15-Apr-14,2.5
16-Apr-14,2.5
17-Apr-14,2.5
22-Apr-14,2.5
23-Apr-14,2.5
24-Apr-14,2.5
28-Apr-14,2.5
29-Apr-14,2.5
30-Apr-14,2.5
1-May-14,2.5
2-May-14,2.5
5-May-14,2.5
6-May-14,2.5
7-May-14,2.5
8-May-14,2.5
9-May-14,2.5
12-May-14,2.5
13-May-14,2.5
14-May-14,2.5
15-May-14,2.5
16-May-14,2.5
19-May-14,2.5
20-May-14,2.5
21-May-14,2.5
22-May-14,2.5
23-May-14,2.5
26-May-14,2.5
27-May-14,2.5
28-May-14,2.5
29-May-14,2.5
30-May-14,2.5
2-Jun-14,2.5
3-Jun-14,2.5
4-Jun-14,2.5
5-Jun-14,2.5
6-Jun-14,2.5
10-Jun-14,2.5
11-Jun-14,2.5
12-Jun-14,2.5
13-Jun-14,2.5
16-Jun-14,2.5
17-Jun-14,2.5
18-Jun-14,2.5
19-Jun-14,2.5
20-Jun-14,2.5
23-Jun-14,2.5
24-Jun-14,2.5
25-Jun-14,2.5
26-Jun-14,2.5
27-Jun-14,2.5
30-Jun-14,2.5
1-Jul-14,2.5
2-Jul-14,2.5
3-Jul-14,2.5
4-Jul-14,2.5
7-Jul-14,2.5
8-Jul-14,2.5
9-Jul-14,2.5
10-Jul-14,2.5
11-Jul-14,2.5
14-Jul-14,2.5
15-Jul-14,2.5
16-Jul-14,2.5
17-Jul-14,2.5
18-Jul-14,2.5
21-Jul-14,2.5
22-Jul-14,2.5
23-Jul-14,2.5
24-Jul-14,2.5
25-Jul-14,2.5
28-Jul-14,2.5
29-Jul-14,2.5
30-Jul-14,2.5
31-Jul-14,2.5
1-Aug-14,2.5
4-Aug-14,2.5
5-Aug-14,2.5
6-Aug-14,2.5
7-Aug-14,2.5
8-Aug-14,2.5
11-Aug-14,2.5
12-Aug-14,2.5
13-Aug-14,2.5
14-Aug-14,2.5
15-Aug-14,2.5
18-Aug-14,2.5
19-Aug-14,2.5
20-Aug-14,2.5
21-Aug-14,2.5
22-Aug-14,2.5
25-Aug-14,2.5
26-Aug-14,2.5
27-Aug-14,2.5
28-Aug-14,2.5
29-Aug-14,2.5
1-Sep-14,2.5
2-Sep-14,2.5
3-Sep-14,2.5
4-Sep-14,2.5
5-Sep-14,2.5
8-Sep-14,2.5
9-Sep-14,2.5
10-Sep-14,2.5
11-Sep-14,2.5
12-Sep-14,2.5
15-Sep-14,2.5
16-Sep-14,2.5
17-Sep-14,2.5
18-Sep-14,2.5
19-Sep-14,2.5
22-Sep-14,2.5
23-Sep-14,2.5
24-Sep-14,2.5
25-Sep-14,2.5
26-Sep-14,2.5
29-Sep-14,2.5
30-Sep-14,2.5
1-Oct-14,2.5
2-Oct-14,2.5
3-Oct-14,2.5
6-Oct-14,2.5
7-Oct-14,2.5
8-Oct-14,2.5
9-Oct-14,2.5
10-Oct-14,2.5
13-Oct-14,2.5
14-Oct-14,2.5
15-Oct-14,2.5
16-Oct-14,2.5
17-Oct-14,2.5
20-Oct-14,2.5
21-Oct-14,2.5
22-Oct-14,2.5
23-Oct-14,2.5
24-Oct-14,2.5
27-Oct-14,2.5
28-Oct-14,2.5
29-Oct-14,2.5
30-Oct-14,2.5
31-Oct-14,2.5
3-Nov-14,2.5
4-Nov-14,2.5
5-Nov-14,2.5
6-Nov-14,2.5
7-Nov-14,2.5
10-Nov-14,2.5
11-Nov-14,2.5
12-Nov-14,2.5
13-Nov-14,2.5
14-Nov-14,2.5
17-Nov-14,2.5
18-Nov-14,2.5
19-Nov-14,2.5
20-Nov-14,2.5
21-Nov-14,2.5
24-Nov-14,2.5
25-Nov-14,2.5
26-Nov-14,2.5
27-Nov-14,2.5
28-Nov-14,2.5
1-Dec-14,2.5
2-Dec-14,2.5
3-Dec-14,2.5
4-Dec-14,2.5
5-Dec-14,2.5
8-Dec-14,2.5
9-Dec-14,2.5
10-Dec-14,2.5
11-Dec-14,2.5
12-Dec-14,2.5
15-Dec-14,2.5
16-Dec-14,2.5
17-Dec-14,2.5
18-Dec-14,2.5
19-Dec-14,2.5
22-Dec-14,2.5
23-Dec-14,2.5
24-Dec-14,2.5
29-Dec-14,2.5
30-Dec-14,2.5
31-Dec-14,2.5
2-Jan-15,2.5
5-Jan-15,2.5
6-Jan-15,2.5
7-Jan-15,2.5
8-Jan-15,2.5
9-Jan-15,2.5
12-Jan-15,2.5
13-Jan-15,2.5
14-Jan-15,2.5
15-Jan-15,2.5
16-Jan-15,2.5
19-Jan-15,2.5
20-Jan-15,2.5
21-Jan-15,2.5
22-Jan-15,2.5
23-Jan-15,2.5
27-Jan-15,2.5
28-Jan-15,2.5
29-Jan-15,2.5
30-Jan-15,2.5
2-Feb-15,2.5
3-Feb-15,2.5
4-Feb-15,2.25
5-Feb-15,2.25
6-Feb-15,2.25
9-Feb-15,2.25
10-Feb-15,2.25
11-Feb-15,2.25
12-Feb-15,2.25
13-Feb-15,2.25
16-Feb-15,2.25
17-Feb-15,2.25
18-Feb-15,2.25
19-Feb-15,2.25
20-Feb-15,2.25
23-Feb-15,2.25
24-Feb-15,2.25
25-Feb-15,2.25
26-Feb-15,2.25
27-Feb-15,2.25
2-Mar-15,2.25
3-Mar-15,2.25
4-Mar-15,2.25
5-Mar-15,2.25
6-Mar-15,2.25
9-Mar-15,2.25
10-Mar-15,2.25
11-Mar-15,2.25
12-Mar-15,2.25
13-Mar-15,2.25
16-Mar-15,2.25
17-Mar-15,2.25
18-Mar-15,2.25
19-Mar-15,2.25
20-Mar-15,2.25
23-Mar-15,2.25
24-Mar-15,2.25
25-Mar-15,2.25
26-Mar-15,2.25
27-Mar-15,2.25
30-Mar-15,2.25
31-Mar-15,2.25
1-Apr-15,2.25
2-Apr-15,2.25
7-Apr-15,2.25
8-Apr-15,2.25
9-Apr-15,2.25
10-Apr-15,2.25
13-Apr-15,2.25
14-Apr-15,2.25
15-Apr-15,2.25
16-Apr-15,2.25
17-Apr-15,2.25
20-Apr-15,2.25
21-Apr-15,2.25
22-Apr-15,2.25
23-Apr-15,2.25
24-Apr-15,2.25
27-Apr-15,2.25
28-Apr-15,2.25
29-Apr-15,2.25
30-Apr-15,2.25
1-May-15,2.25
4-May-15,2.25
5-May-15,2.25
6-May-15,2
7-May-15,2
8-May-15,2
11-May-15,2
12-May-15,2
13-May-15,2
14-May-15,2
15-May-15,2
18-May-15,2
19-May-15,2
20-May-15,2
21-May-15,2
22-May-15,2
25-May-15,2
26-May-15,2
27-May-15,2
28-May-15,2
29-May-15,2
1-Jun-15,2
2-Jun-15,2
3-Jun-15,2
4-Jun-15,2
5-Jun-15,2
9-Jun-15,2
10-Jun-15,2
11-Jun-15,2
12-Jun-15,2
15-Jun-15,2
16-Jun-15,2
17-Jun-15,2
18-Jun-15,2
19-Jun-15,2
22-Jun-15,2
23-Jun-15,2
24-Jun-15,2
25-Jun-15,2
26-Jun-15,2
29-Jun-15,2
30-Jun-15,2
1-Jul-15,2
2-Jul-15,2
3-Jul-15,2
6-Jul-15,2
7-Jul-15,2
8-Jul-15,2
9-Jul-15,2
10-Jul-15,2
13-Jul-15,2
14-Jul-15,2
15-Jul-15,2
16-Jul-15,2
17-Jul-15,2
20-Jul-15,2
21-Jul-15,2
22-Jul-15,2
23-Jul-15,2
24-Jul-15,2
27-Jul-15,2
28-Jul-15,2
29-Jul-15,2
30-Jul-15,2
31-Jul-15,2
3-Aug-15,2
4-Aug-15,2
5-Aug-15,2
6-Aug-15,2
7-Aug-15,2
10-Aug-15,2
11-Aug-15,2
12-Aug-15,2
13-Aug-15,2
14-Aug-15,2
17-Aug-15,2
18-Aug-15,2
19-Aug-15,2
20-Aug-15,2
21-Aug-15,2
24-Aug-15,2
25-Aug-15,2
26-Aug-15,2
27-Aug-15,2
28-Aug-15,2
31-Aug-15,2
1-Sep-15,2
2-Sep-15,2
3-Sep-15,2
4-Sep-15,2
7-Sep-15,2
8-Sep-15,2
9-Sep-15,2
10-Sep-15,2
11-Sep-15,2
14-Sep-15,2
15-Sep-15,2
16-Sep-15,2
17-Sep-15,2
18-Sep-15,2
21-Sep-15,2
22-Sep-15,2
23-Sep-15,2
24-Sep-15,2
25-Sep-15,2
28-Sep-15,2
29-Sep-15,2
30-Sep-15,2
1-Oct-15,2
2-Oct-15,2
5-Oct-15,2
6-Oct-15,2
7-Oct-15,2
8-Oct-15,2
9-Oct-15,2
12-Oct-15,2
13-Oct-15,2
14-Oct-15,2
15-Oct-15,2
16-Oct-15,2
19-Oct-15,2
20-Oct-15,2
21-Oct-15,2
22-Oct-15,2
23-Oct-15,2
26-Oct-15,2
27-Oct-15,2
28-Oct-15,2
29-Oct-15,2
30-Oct-15,2
2-Nov-15,2
3-Nov-15,2
4-Nov-15,2
5-Nov-15,2
6-Nov-15,2
9-Nov-15,2
10-Nov-15,2
11-Nov-15,2
12-Nov-15,2
13-Nov-15,2
16-Nov-15,2
17-Nov-15,2
18-Nov-15,2
19-Nov-15,2
20-Nov-15,2
23-Nov-15,2
24-Nov-15,2
25-Nov-15,2
26-Nov-15,2
27-Nov-15,2
30-Nov-15,2
1-Dec-15,2
2-Dec-15,2
3-Dec-15,2
4-Dec-15,2
7-Dec-15,2
8-Dec-15,2
9-Dec-15,2
10-Dec-15,2
11-Dec-15,2
14-Dec-15,2
15-Dec-15,2
16-Dec-15,2
17-Dec-15,2
18-Dec-15,2
21-Dec-15,2
22-Dec-15,2
23-Dec-15,2
24-Dec-15,2
29-Dec-15,2
30-Dec-15,2
31-Dec-15,2
4-Jan-16,2
5-Jan-16,2
6-Jan-16,2
7-Jan-16,2
8-Jan-16,2
11-Jan-16,2
12-Jan-16,2
13-Jan-16,2
14-Jan-16,2
15-Jan-16,2
18-Jan-16,2
19-Jan-16,2
20-Jan-16,2
21-Jan-16,2
22-Jan-16,2
25-Jan-16,2
27-Jan-16,2
28-Jan-16,2
29-Jan-16,2
1-Feb-16,2
2-Feb-16,2
3-Feb-16,2
4-Feb-16,2
5-Feb-16,2
8-Feb-16,2
9-Feb-16,2
10-Feb-16,2
11-Feb-16,2
12-Feb-16,2
15-Feb-16,2
16-Feb-16,2
17-Feb-16,2
18-Feb-16,2
19-Feb-16,2
22-Feb-16,2
23-Feb-16,2
24-Feb-16,2
25-Feb-16,2
26-Feb-16,2
29-Feb-16,2
1-Mar-16,2
2-Mar-16,2
3-Mar-16,2
4-Mar-16,2
7-Mar-16,2
8-Mar-16,2
9-Mar-16,2
10-Mar-16,2
11-Mar-16,2
14-Mar-16,2
15-Mar-16,2
16-Mar-16,2
17-Mar-16,2
18-Mar-16,2
21-Mar-16,2
22-Mar-16,2
23-Mar-16,2
24-Mar-16,2
29-Mar-16,2
30-Mar-16,2
31-Mar-16,2
1-Apr-16,2
4-Apr-16,2
5-Apr-16,2
6-Apr-16,2
7-Apr-16,2
8-Apr-16,2
11-Apr-16,2
12-Apr-16,2
13-Apr-16,2
14-Apr-16,2
15-Apr-16,2
18-Apr-16,2
19-Apr-16,2
20-Apr-16,2
21-Apr-16,2
22-Apr-16,2
26-Apr-16,2
27-Apr-16,2
28-Apr-16,2
29-Apr-16,2
2-May-16,2
3-May-16,2
4-May-16,1.75
5-May-16,1.75
6-May-16,1.75
9-May-16,1.75
10-May-16,1.75
11-May-16,1.75
12-May-16,1.75
13-May-16,1.75
16-May-16,1.75
17-May-16,1.75
18-May-16,1.75
19-May-16,1.75
20-May-16,1.75
23-May-16,1.75
24-May-16,1.75
25-May-16,1.75
26-May-16,1.75
27-May-16,1.75
30-May-16,1.75
31-May-16,1.75
1-Jun-16,1.75
2-Jun-16,1.75
3-Jun-16,1.75
6-Jun-16,1.75
7-Jun-16,1.75
8-Jun-16,1.75
9-Jun-16,1.75
10-Jun-16,1.75
14-Jun-16,1.75
15-Jun-16,1.75
16-Jun-16,1.75
17-Jun-16,1.75
20-Jun-16,1.75
21-Jun-16,1.75
22-Jun-16,1.75
23-Jun-16,1.75
24-Jun-16,1.75
27-Jun-16,1.75
28-Jun-16,1.75
29-Jun-16,1.75
30-Jun-16,1.75
1-Jul-16,1.75
4-Jul-16,1.75
5-Jul-16,1.75
6-Jul-16,1.75
7-Jul-16,1.75
8-Jul-16,1.75
11-Jul-16,1.75
12-Jul-16,1.75
13-Jul-16,1.75
14-Jul-16,1.75
15-Jul-16,1.75
18-Jul-16,1.75
19-Jul-16,1.75
20-Jul-16,1.75
21-Jul-16,1.75
22-Jul-16,1.75
25-Jul-16,1.75
26-Jul-16,1.75
27-Jul-16,1.75
28-Jul-16,1.75
29-Jul-16,1.75
1-Aug-16,1.75
2-Aug-16,1.75
3-Aug-16,1.5
4-Aug-16,1.5
5-Aug-16,1.5
8-Aug-16,1.5
9-Aug-16,1.5
10-Aug-16,1.5
11-Aug-16,1.5
12-Aug-16,1.5
15-Aug-16,1.5
16-Aug-16,1.5
17-Aug-16,1.5
18-Aug-16,1.5
19-Aug-16,1.5
22-Aug-16,1.5
23-Aug-16,1.5
24-Aug-16,1.5
25-Aug-16,1.5
26-Aug-16,1.5
29-Aug-16,1.5
30-Aug-16,1.5
31-Aug-16,1.5
1-Sep-16,1.5
2-Sep-16,1.5
5-Sep-16,1.5
6-Sep-16,1.5
7-Sep-16,1.5
8-Sep-16,1.5
9-Sep-16,1.5
12-Sep-16,1.5
13-Sep-16,1.5
14-Sep-16,1.5
15-Sep-16,1.5
16-Sep-16,1.5
19-Sep-16,1.5
20-Sep-16,1.5
21-Sep-16,1.5
22-Sep-16,1.5
23-Sep-16,1.5
26-Sep-16,1.5
27-Sep-16,1.5
28-Sep-16,1.5
29-Sep-16,1.5
30-Sep-16,1.5
3-Oct-16,1.5
4-Oct-16,1.5
5-Oct-16,1.5
6-Oct-16,1.5
7-Oct-16,1.5
10-Oct-16,1.5
11-Oct-16,1.5
12-Oct-16,1.5
13-Oct-16,1.5
14-Oct-16,1.5
17-Oct-16,1.5
18-Oct-16,1.5
19-Oct-16,1.5
20-Oct-16,1.5
21-Oct-16,1.5
24-Oct-16,1.5
25-Oct-16,1.5
26-Oct-16,1.5
27-Oct-16,1.5
28-Oct-16,1.5
31-Oct-16,1.5
1-Nov-16,1.5
2-Nov-16,1.5
3-Nov-16,1.5
4-Nov-16,1.5
7-Nov-16,1.5
8-Nov-16,1.5
9-Nov-16,1.5
10-Nov-16,1.5
11-Nov-16,1.5
14-Nov-16,1.5
15-Nov-16,1.5
16-Nov-16,1.5
17-Nov-16,1.5
18-Nov-16,1.5
21-Nov-16,1.5
22-Nov-16,1.5
23-Nov-16,1.5
24-Nov-16,1.5
25-Nov-16,1.5
28-Nov-16,1.5
29-Nov-16,1.5
30-Nov-16,1.5
1-Dec-16,1.5
2-Dec-16,1.5
5-Dec-16,1.5
6-Dec-16,1.5
7-Dec-16,1.5
8-Dec-16,1.5
9-Dec-16,1.5
12-Dec-16,1.5
13-Dec-16,1.5
14-Dec-16,1.5
15-Dec-16,1.5
16-Dec-16,1.5
19-Dec-16,1.5
20-Dec-16,1.5
21-Dec-16,1.5
22-Dec-16,1.5
23-Dec-16,1.5
28-Dec-16,1.5
29-Dec-16,1.5
30-Dec-16,1.5
3-Jan-17,1.5
4-Jan-17,1.5
5-Jan-17,1.5
6-Jan-17,1.5
9-Jan-17,1.5
10-Jan-17,1.5
11-Jan-17,1.5
12-Jan-17,1.5
13-Jan-17,1.5
16-Jan-17,1.5
17-Jan-17,1.5
18-Jan-17,1.5
19-Jan-17,1.5
20-Jan-17,1.5
23-Jan-17,1.5
24-Jan-17,1.5
25-Jan-17,1.5
27-Jan-17,1.5
30-Jan-17,1.5
31-Jan-17,1.5
1-Feb-17,1.5
2-Feb-17,1.5
3-Feb-17,1.5
6-Feb-17,1.5
7-Feb-17,1.5
8-Feb-17,1.5
9-Feb-17,1.5
10-Feb-17,1.5
13-Feb-17,1.5
14-Feb-17,1.5
15-Feb-17,1.5
16-Feb-17,1.5
17-Feb-17,1.5
20-Feb-17,1.5
21-Feb-17,1.5
22-Feb-17,1.5
23-Feb-17,1.5
24-Feb-17,1.5
27-Feb-17,1.5
28-Feb-17,1.5
1-Mar-17,1.5
2-Mar-17,1.5
3-Mar-17,1.5
6-Mar-17,1.5
7-Mar-17,1.5
8-Mar-17,1.5
9-Mar-17,1.5
10-Mar-17,1.5
13-Mar-17,1.5
14-Mar-17,1.5
15-Mar-17,1.5
16-Mar-17,1.5
17-Mar-17,1.5
20-Mar-17,1.5
21-Mar-17,1.5
22-Mar-17,1.5
23-Mar-17,1.5
24-Mar-17,1.5
27-Mar-17,1.5
28-Mar-17,1.5
29-Mar-17,1.5
30-Mar-17,1.5
31-Mar-17,1.5
3-Apr-17,1.5
4-Apr-17,1.5
5-Apr-17,1.5
6-Apr-17,1.5
7-Apr-17,1.5
10-Apr-17,1.5
11-Apr-17,1.5
12-Apr-17,1.5
13-Apr-17,1.5
18-Apr-17,1.5
19-Apr-17,1.5
20-Apr-17,1.5
21-Apr-17,1.5
24-Apr-17,1.5
26-Apr-17,1.5
27-Apr-17,1.5
28-Apr-17,1.5
1-May-17,1.5
2-May-17,1.5
3-May-17,1.5
4-May-17,1.5
5-May-17,1.5
8-May-17,1.5
9-May-17,1.5
10-May-17,1.5
11-May-17,1.5
12-May-17,1.5
15-May-17,1.5
16-May-17,1.5
17-May-17,1.5
18-May-17,1.5
19-May-17,1.5
22-May-17,1.5
23-May-17,1.5
24-May-17,1.5
25-May-17,1.5
26-May-17,1.5
29-May-17,1.5
30-May-17,1.5
31-May-17,1.5
1-Jun-17,1.5
2-Jun-17,1.5
5-Jun-17,1.5
6-Jun-17,1.5
7-Jun-17,1.5
8-Jun-17,1.5
9-Jun-17,1.5
13-Jun-17,1.5
14-Jun-17,1.5
15-Jun-17,1.5
16-Jun-17,1.5
19-Jun-17,1.5
20-Jun-17,1.5
21-Jun-17,1.5
22-Jun-17,1.5
23-Jun-17,1.5
26-Jun-17,1.5
27-Jun-17,1.5
28-Jun-17,1.5
29-Jun-17,1.5
30-Jun-17,1.5
3-Jul-17,1.5
4-Jul-17,1.5
5-Jul-17,1.5
6-Jul-17,1.5
7-Jul-17,1.5
10-Jul-17,1.5
11-Jul-17,1.5
12-Jul-17,1.5
13-Jul-17,1.5
14-Jul-17,1.5
17-Jul-17,1.5
18-Jul-17,1.5
19-Jul-17,1.5
20-Jul-17,1.5
21-Jul-17,1.5
24-Jul-17,1.5
25-Jul-17,1.5
26-Jul-17,1.5
27-Jul-17,1.5
28-Jul-17,1.5
31-Jul-17,1.5
1-Aug-17,1.5
2-Aug-17,1.5
3-Aug-17,1.5
4-Aug-17,1.5
7-Aug-17,1.5
8-Aug-17,1.5
9-Aug-17,1.5
10-Aug-17,1.5
11-Aug-17,1.5
14-Aug-17,1.5
15-Aug-17,1.5
16-Aug-17,1.5
17-Aug-17,1.5
18-Aug-17,1.5
21-Aug-17,1.5
22-Aug-17,1.5
23-Aug-17,1.5
24-Aug-17,1.5
25-Aug-17,1.5
28-Aug-17,1.5
29-Aug-17,1.5
30-Aug-17,1.5
31-Aug-17,1.5
1-Sep-17,1.5
4-Sep-17,1.5
5-Sep-17,1.5
6-Sep-17,1.5
7-Sep-17,1.5
8-Sep-17,1.5
11-Sep-17,1.5
12-Sep-17,1.5
13-Sep-17,1.5
14-Sep-17,1.5
15-Sep-17,1.5
18-Sep-17,1.5
19-Sep-17,1.5
20-Sep-17,1.5
21-Sep-17,1.5
22-Sep-17,1.5
25-Sep-17,1.5
26-Sep-17,1.5
27-Sep-17,1.5
28-Sep-17,1.5
29-Sep-17,1.5
2-Oct-17,1.5
3-Oct-17,1.5
4-Oct-17,1.5
5-Oct-17,1.5
6-Oct-17,1.5
9-Oct-17,1.5
10-Oct-17,1.5
11-Oct-17,1.5
12-Oct-17,1.5
13-Oct-17,1.5
16-Oct-17,1.5
17-Oct-17,1.5
18-Oct-17,1.5
19-Oct-17,1.5
20-Oct-17,1.5
23-Oct-17,1.5
24-Oct-17,1.5
25-Oct-17,1.5
26-Oct-17,1.5
27-Oct-17,1.5
30-Oct-17,1.5
31-Oct-17,1.5
1-Nov-17,1.5
2-Nov-17,1.5
3-Nov-17,1.5
6-Nov-17,1.5
7-Nov-17,1.5
8-Nov-17,1.5
9-Nov-17,1.5
10-Nov-17,1.5
13-Nov-17,1.5
14-Nov-17,1.5
15-Nov-17,1.5
16-Nov-17,1.5
17-Nov-17,1.5
20-Nov-17,1.5
21-Nov-17,1.5
22-Nov-17,1.5
23-Nov-17,1.5
24-Nov-17,1.5
27-Nov-17,1.5
28-Nov-17,1.5
29-Nov-17,1.5
30-Nov-17,1.5
1-Dec-17,1.5
4-Dec-17,1.5
5-Dec-17,1.5
6-Dec-17,1.5
7-Dec-17,1.5
8-Dec-17,1.5
11-Dec-17,1.5
12-Dec-17,1.5
13-Dec-17,1.5
14-Dec-17,1.5
15-Dec-17,1.5
18-Dec-17,1.5
19-Dec-17,1.5
20-Dec-17,1.5
21-Dec-17,1.5
22-Dec-17,1.5
27-Dec-17,1.5
28-Dec-17,1.5
29-Dec-17,1.5
2-Jan-18,1.5
3-Jan-18,1.5
4-Jan-18,1.5
5-Jan-18,1.5
8-Jan-18,1.5
9-Jan-18,1.5
10-Jan-18,1.5
11-Jan-18,1.5
12-Jan-18,1.5
15-Jan-18,1.5
16-Jan-18,1.5
17-Jan-18,1.5
18-Jan-18,1.5
19-Jan-18,1.5
22-Jan-18,1.5
23-Jan-18,1.5
24-Jan-18,1.5
25-Jan-18,1.5
29-Jan-18,1.5
30-Jan-18,1.5
31-Jan-18,1.5
1-Feb-18,1.5
2-Feb-18,1.5
5-Feb-18,1.5
6-Feb-18,1.5
7-Feb-18,1.5
8-Feb-18,1.5
9-Feb-18,1.5
12-Feb-18,1.5
13-Feb-18,1.5
14-Feb-18,1.5
15-Feb-18,1.5
16-Feb-18,1.5
19-Feb-18,1.5
20-Feb-18,1.5
21-Feb-18,1.5
22-Feb-18,1.5
23-Feb-18,1.5
26-Feb-18,1.5
27-Feb-18,1.5
28-Feb-18,1.5
1-Mar-18,1.5
2-Mar-18,1.5
5-Mar-18,1.5
6-Mar-18,1.5
7-Mar-18,1.5
8-Mar-18,1.5
9-Mar-18,1.5
12-Mar-18,1.5
13-Mar-18,1.5
14-Mar-18,1.5
15-Mar-18,1.5
16-Mar-18,1.5
19-Mar-18,1.5
20-Mar-18,1.5
21-Mar-18,1.5
22-Mar-18,1.5
23-Mar-18,1.5
26-Mar-18,1.5
27-Mar-18,1.5
28-Mar-18,1.5
29-Mar-18,1.5
3-Apr-18,1.5
4-Apr-18,1.5
5-Apr-18,1.5
6-Apr-18,1.5
9-Apr-18,1.5
10-Apr-18,1.5
11-Apr-18,1.5
12-Apr-18,1.5
13-Apr-18,1.5
16-Apr-18,1.5
17-Apr-18,1.5
18-Apr-18,1.5
19-Apr-18,1.5
20-Apr-18,1.5
23-Apr-18,1.5
24-Apr-18,1.5
26-Apr-18,1.5
27-Apr-18,1.5
30-Apr-18,1.5
1-May-18,1.5
2-May-18,1.5
3-May-18,1.5
4-May-18,1.5
7-May-18,1.5
8-May-18,1.5
9-May-18,1.5
10-May-18,1.5
11-May-18,1.5
14-May-18,1.5
15-May-18,1.5
16-May-18,1.5
17-May-18,1.5
18-May-18,1.5
21-May-18,1.5
22-May-18,1.5
23-May-18,1.5
24-May-18,1.5
25-May-18,1.5
28-May-18,1.5
29-May-18,1.5
30-May-18,1.5
31-May-18,1.5
1-Jun-18,1.5
4-Jun-18,1.5
5-Jun-18,1.5
6-Jun-18,1.5
7-Jun-18,1.5
8-Jun-18,1.5
12-Jun-18,1.5
13-Jun-18,1.5
14-Jun-18,1.5
15-Jun-18,1.5
18-Jun-18,1.5
19-Jun-18,1.5
20-Jun-18,1.5
21-Jun-18,1.5
22-Jun-18,1.5
25-Jun-18,1.5
26-Jun-18,1.5
27-Jun-18,1.5
28-Jun-18,1.5
29-Jun-18,1.5
2-Jul-18,1.5
3-Jul-18,1.5
4-Jul-18,1.5
5-Jul-18,1.5
6-Jul-18,1.5
9-Jul-18,1.5
10-Jul-18,1.5
11-Jul-18,1.5
12-Jul-18,1.5
13-Jul-18,1.5
16-Jul-18,1.5
17-Jul-18,1.5
18-Jul-18,1.5
19-Jul-18,1.5
20-Jul-18,1.5
23-Jul-18,1.5
24-Jul-18,1.5
25-Jul-18,1.5
26-Jul-18,1.5
27-Jul-18,1.5
30-Jul-18,1.5
31-Jul-18,1.5
1-Aug-18,1.5
2-Aug-18,1.5
3-Aug-18,1.5
6-Aug-18,1.5
7-Aug-18,1.5
8-Aug-18,1.5
9-Aug-18,1.5
10-Aug-18,1.5
13-Aug-18,1.5
14-Aug-18,1.5
15-Aug-18,1.5
16-Aug-18,1.5
17-Aug-18,1.5
20-Aug-18,1.5
21-Aug-18,1.5
22-Aug-18,1.5
23-Aug-18,1.5
24-Aug-18,1.5
27-Aug-18,1.5
28-Aug-18,1.5
29-Aug-18,1.5
30-Aug-18,1.5
31-Aug-18,1.5
3-Sep-18,1.5
4-Sep-18,1.5
5-Sep-18,1.5
6-Sep-18,1.5
7-Sep-18,1.5
10-Sep-18,1.5
11-Sep-18,1.5
12-Sep-18,1.5
13-Sep-18,1.5
14-Sep-18,1.5
17-Sep-18,1.5
18-Sep-18,1.5
19-Sep-18,1.5
20-Sep-18,1.5
21-Sep-18,1.5
24-Sep-18,1.5
25-Sep-18,1.5
26-Sep-18,1.5
27-Sep-18,1.5
28-Sep-18,1.5
1-Oct-18,1.5
2-Oct-18,1.5
3-Oct-18,1.5
4-Oct-18,1.5
5-Oct-18,1.5
8-Oct-18,1.5
9-Oct-18,1.5
10-Oct-18,1.5
11-Oct-18,1.5
12-Oct-18,1.5
15-Oct-18,1.5
16-Oct-18,1.5
17-Oct-18,1.5
18-Oct-18,1.5
19-Oct-18,1.5
22-Oct-18,1.5
23-Oct-18,1.5
24-Oct-18,1.5
25-Oct-18,1.5
26-Oct-18,1.5
29-Oct-18,1.5
30-Oct-18,1.5
31-Oct-18,1.5
1-Nov-18,1.5
2-Nov-18,1.5
5-Nov-18,1.5
6-Nov-18,1.5
7-Nov-18,1.5
8-Nov-18,1.5
9-Nov-18,1.5
12-Nov-18,1.5
13-Nov-18,1.5
14-Nov-18,1.5
15-Nov-18,1.5
16-Nov-18,1.5
19-Nov-18,1.5
20-Nov-18,1.5
21-Nov-18,1.5
22-Nov-18,1.5
23-Nov-18,1.5
26-Nov-18,1.5
27-Nov-18,1.5
28-Nov-18,1.5
29-Nov-18,1.5
30-Nov-18,1.5
3-Dec-18,1.5
4-Dec-18,1.5
5-Dec-18,1.5
6-Dec-18,1.5
7-Dec-18,1.5
10-Dec-18,1.5
11-Dec-18,1.5
12-Dec-18,1.5
13-Dec-18,1.5
14-Dec-18,1.5
17-Dec-18,1.5
18-Dec-18,1.5
19-Dec-18,1.5
20-Dec-18,1.5
21-Dec-18,1.5
24-Dec-18,1.5
27-Dec-18,1.5
28-Dec-18,1.5
31-Dec-18,1.5
2-Jan-19,1.5
3-Jan-19,1.5
4-Jan-19,1.5
7-Jan-19,1.5
8-Jan-19,1.5
9-Jan-19,1.5
10-Jan-19,1.5
11-Jan-19,1.5
14-Jan-19,1.5
15-Jan-19,1.5
16-Jan-19,1.5
17-Jan-19,1.5
18-Jan-19,1.5
21-Jan-19,1.5
22-Jan-19,1.5
23-Jan-19,1.5
24-Jan-19,1.5
25-Jan-19,1.5
29-Jan-19,1.5
30-Jan-19,1.5
31-Jan-19,1.5
1-Feb-19,1.5
4-Feb-19,1.5
5-Feb-19,1.5
6-Feb-19,1.5
7-Feb-19,1.5
8-Feb-19,1.5
11-Feb-19,1.5
12-Feb-19,1.5
13-Feb-19,1.5
14-Feb-19,1.5
15-Feb-19,1.5
18-Feb-19,1.5
19-Feb-19,1.5
20-Feb-19,1.5
21-Feb-19,1.5
22-Feb-19,1.5
25-Feb-19,1.5
26-Feb-19,1.5
27-Feb-19,1.5
28-Feb-19,1.5
1-Mar-19,1.5
4-Mar-19,1.5
5-Mar-19,1.5
6-Mar-19,1.5
7-Mar-19,1.5
8-Mar-19,1.5
11-Mar-19,1.5
12-Mar-19,1.5
13-Mar-19,1.5
14-Mar-19,1.5
15-Mar-19,1.5
18-Mar-19,1.5
19-Mar-19,1.5
20-Mar-19,1.5
21-Mar-19,1.5
22-Mar-19,1.5
25-Mar-19,1.5
26-Mar-19,1.5
27-Mar-19,1.5
28-Mar-19,1.5
29-Mar-19,1.5
1-Apr-19,1.5
2-Apr-19,1.5
3-Apr-19,1.5
4-Apr-19,1.5
5-Apr-19,1.5
8-Apr-19,1.5
9-Apr-19,1.5
10-Apr-19,1.5
11-Apr-19,1.5
12-Apr-19,1.5
15-Apr-19,1.5
16-Apr-19,1.5
17-Apr-19,1.5
18-Apr-19,1.5
23-Apr-19,1.5
24-Apr-19,1.5
26-Apr-19,1.5
29-Apr-19,1.5
30-Apr-19,1.5
1-May-19,1.5
2-May-19,1.5
3-May-19,1.5
6-May-19,1.5
7-May-19,1.5
8-May-19,1.5
9-May-19,1.5
10-May-19,1.5
13-May-19,1.5
14-May-19,1.5
15-May-19,1.5
16-May-19,1.5
17-May-19,1.5
20-May-19,1.5
21-May-19,1.5
22-May-19,1.5
23-May-19,1.5
24-May-19,1.5
27-May-19,1.5
28-May-19,1.5
29-May-19,1.5
30-May-19,1.5
31-May-19,1.5
3-Jun-19,1.5
4-Jun-19,1.5
5-Jun-19,1.25
6-Jun-19,1.25
7-Jun-19,1.25
11-Jun-19,1.25
12-Jun-19,1.25
13-Jun-19,1.25
14-Jun-19,1.25
17-Jun-19,1.25
18-Jun-19,1.25
19-Jun-19,1.25
20-Jun-19,1.25
21-Jun-19,1.25
24-Jun-19,1.25
25-Jun-19,1.25
26-Jun-19,1.25
27-Jun-19,1.25
28-Jun-19,1.25
1-Jul-19,1.25
2-Jul-19,1.25
3-Jul-19,1
4-Jul-19,1
5-Jul-19,1
8-Jul-19,1
9-Jul-19,1
10-Jul-19,1
11-Jul-19,1
12-Jul-19,1
15-Jul-19,1
16-Jul-19,1
17-Jul-19,1
18-Jul-19,1
19-Jul-19,1
22-Jul-19,1
23-Jul-19,1
24-Jul-19,1
25-Jul-19,1
26-Jul-19,1
29-Jul-19,1
30-Jul-19,1
31-Jul-19,1
1-Aug-19,1
2-Aug-19,1
5-Aug-19,1
6-Aug-19,1
7-Aug-19,1
8-Aug-19,1
9-Aug-19,1
12-Aug-19,1
13-Aug-19,1
14-Aug-19,1
15-Aug-19,1
16-Aug-19,1
19-Aug-19,1
20-Aug-19,1
21-Aug-19,1
22-Aug-19,1
23-Aug-19,1
26-Aug-19,1
27-Aug-19,1
28-Aug-19,1
29-Aug-19,1
30-Aug-19,1
2-Sep-19,1
3-Sep-19,1
4-Sep-19,1
5-Sep-19,1
6-Sep-19,1
9-Sep-19,1
10-Sep-19,1
11-Sep-19,1
12-Sep-19,1
13-Sep-19,1
16-Sep-19,1
17-Sep-19,1
18-Sep-19,1
19-Sep-19,1
20-Sep-19,1
23-Sep-19,1
24-Sep-19,1
25-Sep-19,1
26-Sep-19,1
27-Sep-19,1
30-Sep-19,1
1-Oct-19,1
2-Oct-19,0.75
3-Oct-19,0.75
4-Oct-19,0.75
7-Oct-19,0.75
8-Oct-19,0.75
9-Oct-19,0.75
10-Oct-19,0.75
11-Oct-19,0.75
14-Oct-19,0.75
15-Oct-19,0.75
16-Oct-19,0.75
17-Oct-19,0.75
18-Oct-19,0.75
21-Oct-19,0.75
22-Oct-19,0.75
23-Oct-19,0.75
24-Oct-19,0.75
25-Oct-19,0.75
28-Oct-19,0.75
29-Oct-19,0.75
30-Oct-19,0.75
31-Oct-19,0.75
1-Nov-19,0.75
4-Nov-19,0.75
5-Nov-19,0.75
6-Nov-19,0.75
7-Nov-19,0.75
8-Nov-19,0.75
11-Nov-19,0.75
12-Nov-19,0.75
13-Nov-19,0.75
14-Nov-19,0.75
15-Nov-19,0.75
18-Nov-19,0.75
19-Nov-19,0.75
20-Nov-19,0.75
21-Nov-19,0.75
22-Nov-19,0.75
25-Nov-19,0.75
26-Nov-19,0.75
27-Nov-19,0.75
28-Nov-19,0.75
29-Nov-19,0.75
2-Dec-19,0.75
3-Dec-19,0.75
4-Dec-19,0.75
5-Dec-19,0.75
6-Dec-19,0.75
9-Dec-19,0.75
10-Dec-19,0.75
11-Dec-19,0.75
12-Dec-19,0.75
13-Dec-19,0.75
16-Dec-19,0.75
17-Dec-19,0.75
18-Dec-19,0.75
19-Dec-19,0.75
20-Dec-19,0.75
23-Dec-19,0.75
24-Dec-19,0.75
27-Dec-19,0.75
30-Dec-19,0.75
31-Dec-19,0.75
2-Jan-20,0.75
3-Jan-20,0.75
6-Jan-20,0.75
7-Jan-20,0.75
8-Jan-20,0.75
9-Jan-20,0.75
10-Jan-20,0.75
13-Jan-20,0.75
14-Jan-20,0.75
15-Jan-20,0.75
16-Jan-20,0.75
17-Jan-20,0.75
20-Jan-20,0.75
21-Jan-20,0.75
22-Jan-20,0.75
23-Jan-20,0.75
24-Jan-20,0.75
28-Jan-20,0.75
29-Jan-20,0.75
30-Jan-20,0.75
31-Jan-20,0.75
3-Feb-20,0.75
4-Feb-20,0.75
5-Feb-20,0.75
6-Feb-20,0.75
7-Feb-20,0.75
10-Feb-20,0.75
11-Feb-20,0.75
12-Feb-20,0.75
13-Feb-20,0.75
14-Feb-20,0.75
17-Feb-20,0.75
18-Feb-20,0.75
19-Feb-20,0.75
20-Feb-20,0.75
21-Feb-20,0.75
24-Feb-20,0.75
25-Feb-20,0.75
26-Feb-20,0.75
27-Feb-20,0.75
28-Feb-20,0.75
2-Mar-20,0.75
3-Mar-20,0.75
4-Mar-20,0.5
5-Mar-20,0.5
6-Mar-20,0.5
9-Mar-20,0.5
10-Mar-20,0.5
11-Mar-20,0.5
12-Mar-20,0.5
13-Mar-20,0.5
16-Mar-20,0.5
17-Mar-20,0.5
18-Mar-20,0.5
19-Mar-20,0.5
20-Mar-20,0.25
23-Mar-20,0.25
24-Mar-20,0.25
25-Mar-20,0.25
26-Mar-20,0.25
27-Mar-20,0.25
30-Mar-20,0.25
31-Mar-20,0.25
1-Apr-20,0.25
2-Apr-20,0.25
3-Apr-20,0.25
6-Apr-20,0.25
7-Apr-20,0.25
8-Apr-20,0.25
9-Apr-20,0.25
14-Apr-20,0.25
15-Apr-20,0.25
16-Apr-20,0.25
17-Apr-20,0.25
20-Apr-20,0.25
21-Apr-20,0.25
22-Apr-20,0.25
23-Apr-20,0.25
24-Apr-20,0.25
27-Apr-20,0.25
28-Apr-20,0.25
29-Apr-20,0.25
30-Apr-20,0.25
1-May-20,0.25
4-May-20,0.25
5-May-20,0.25
6-May-20,0.25
7-May-20,0.25
8-May-20,0.25
11-May-20,0.25
12-May-20,0.25
13-May-20,0.25
14-May-20,0.25
15-May-20,0.25
18-May-20,0.25
19-May-20,0.25
20-May-20,0.25
21-May-20,0.25
22-May-20,0.25
25-May-20,0.25
26-May-20,0.25
27-May-20,0.25
28-May-20,0.25
29-May-20,0.25
1-Jun-20,0.25
2-Jun-20,0.25
3-Jun-20,0.25
4-Jun-20,0.25
5-Jun-20,0.25
9-Jun-20,0.25
10-Jun-20,0.25
11-Jun-20,0.25
12-Jun-20,0.25
15-Jun-20,0.25
16-Jun-20,0.25
17-Jun-20,0.25
18-Jun-20,0.25
19-Jun-20,0.25
22-Jun-20,0.25
23-Jun-20,0.25
24-Jun-20,0.25
25-Jun-20,0.25
26-Jun-20,0.25
29-Jun-20,0.25
30-Jun-20,0.25
1-Jul-20,0.25
2-Jul-20,0.25
3-Jul-20,0.25
6-Jul-20,0.25
7-Jul-20,0.25
8-Jul-20,0.25
9-Jul-20,0.25
10-Jul-20,0.25
13-Jul-20,0.25
14-Jul-20,0.25
15-Jul-20,0.25
16-Jul-20,0.25
17-Jul-20,0.25
20-Jul-20,0.25
21-Jul-20,0.25
22-Jul-20,0.25
23-Jul-20,0.25
24-Jul-20,0.25
27-Jul-20,0.25
28-Jul-20,0.25
29-Jul-20,0.25
30-Jul-20,0.25
31-Jul-20,0.25
3-Aug-20,0.25
4-Aug-20,0.25
5-Aug-20,0.25
6-Aug-20,0.25
7-Aug-20,0.25
10-Aug-20,0.25
11-Aug-20,0.25
12-Aug-20,0.25
13-Aug-20,0.25
14-Aug-20,0.25
17-Aug-20,0.25
18-Aug-20,0.25
19-Aug-20,0.25
20-Aug-20,0.25
21-Aug-20,0.25
24-Aug-20,0.25
25-Aug-20,0.25
26-Aug-20,0.25
27-Aug-20,0.25
28-Aug-20,0.25
31-Aug-20,0.25
1-Sep-20,0.25
2-Sep-20,0.25
3-Sep-20,0.25
4-Sep-20,0.25
7-Sep-20,0.25
8-Sep-20,0.25
9-Sep-20,0.25
10-Sep-20,0.25
11-Sep-20,0.25
14-Sep-20,0.25
15-Sep-20,0.25
16-Sep-20,0.25
17-Sep-20,0.25
18-Sep-20,0.25
21-Sep-20,0.25
22-Sep-20,0.25
23-Sep-20,0.25
24-Sep-20,0.25
25-Sep-20,0.25
28-Sep-20,0.25
29-Sep-20,0.25
30-Sep-20,0.25
1-Oct-20,0.25
2-Oct-20,0.25
5-Oct-20,0.25
6-Oct-20,0.25
7-Oct-20,0.25
8-Oct-20,0.25
9-Oct-20,0.25
12-Oct-20,0.25
13-Oct-20,0.25
14-Oct-20,0.25
15-Oct-20,0.25
16-Oct-20,0.25
19-Oct-20,0.25
20-Oct-20,0.25
21-Oct-20,0.25
22-Oct-20,0.25
23-Oct-20,0.25
26-Oct-20,0.25
27-Oct-20,0.25
28-Oct-20,0.25
29-Oct-20,0.25
30-Oct-20,0.25
2-Nov-20,0.25
3-Nov-20,0.25
4-Nov-20,0.1
5-Nov-20,0.1
6-Nov-20,0.1
9-Nov-20,0.1
10-Nov-20,0.1
11-Nov-20,0.1
12-Nov-20,0.1
13-Nov-20,0.1
16-Nov-20,0.1
17-Nov-20,0.1
18-Nov-20,0.1
19-Nov-20,0.1
20-Nov-20,0.1
23-Nov-20,0.1
24-Nov-20,0.1
25-Nov-20,0.1
26-Nov-20,0.1
27-Nov-20,0.1
30-Nov-20,0.1
1-Dec-20,0.1
2-Dec-20,0.1
3-Dec-20,0.1
4-Dec-20,0.1
7-Dec-20,0.1
8-Dec-20,0.1
9-Dec-20,0.1
10-Dec-20,0.1
11-Dec-20,0.1
14-Dec-20,0.1
15-Dec-20,0.1
16-Dec-20,0.1
17-Dec-20,0.1
18-Dec-20,0.1
21-Dec-20,0.1
22-Dec-20,0.1
23-Dec-20,0.1
24-Dec-20,0.1
29-Dec-20,0.1
30-Dec-20,0.1
31-Dec-20,0.1
4-Jan-21,0.1
5-Jan-21,0.1
6-Jan-21,0.1
7-Jan-21,0.1
8-Jan-21,0.1
11-Jan-21,0.1
12-Jan-21,0.1
13-Jan-21,0.1
14-Jan-21,0.1
15-Jan-21,0.1
18-Jan-21,0.1
19-Jan-21,0.1
20-Jan-21,0.1
21-Jan-21,0.1
22-Jan-21,0.1
25-Jan-21,0.1
27-Jan-21,0.1
28-Jan-21,0.1
29-Jan-21,0.1
1-Feb-21,0.1
2-Feb-21,0.1
3-Feb-21,0.1
4-Feb-21,0.1
5-Feb-21,0.1
8-Feb-21,0.1
9-Feb-21,0.1
10-Feb-21,0.1
11-Feb-21,0.1
12-Feb-21,0.1
15-Feb-21,0.1
16-Feb-21,0.1
17-Feb-21,0.1
18-Feb-21,0.1
19-Feb-21,0.1
22-Feb-21,0.1
23-Feb-21,0.1
24-Feb-21,0.1
25-Feb-21,0.1
26-Feb-21,0.1
1-Mar-21,0.1
2-Mar-21,0.1
3-Mar-21,0.1
4-Mar-21,0.1
5-Mar-21,0.1
8-Mar-21,0.1
9-Mar-21,0.1
10-Mar-21,0.1
11-Mar-21,0.1
12-Mar-21,0.1
15-Mar-21,0.1
16-Mar-21,0.1
17-Mar-21,0.1
18-Mar-21,0.1
19-Mar-21,0.1
22-Mar-21,0.1
23-Mar-21,0.1
24-Mar-21,0.1
25-Mar-21,0.1
26-Mar-21,0.1
29-Mar-21,0.1
30-Mar-21,0.1
31-Mar-21,0.1
1-Apr-21,0.1
6-Apr-21,0.1
7-Apr-21,0.1
8-Apr-21,0.1
9-Apr-21,0.1
12-Apr-21,0.1
13-Apr-21,0.1
14-Apr-21,0.1
15-Apr-21,0.1
16-Apr-21,0.1
19-Apr-21,0.1
20-Apr-21,0.1
21-Apr-21,0.1
22-Apr-21,0.1
23-Apr-21,0.1
26-Apr-21,0.1
27-Apr-21,0.1
28-Apr-21,0.1
29-Apr-21,0.1
30-Apr-21,0.1
3-May-21,0.1
4-May-21,0.1
5-May-21,0.1
6-May-21,0.1
7-May-21,0.1
10-May-21,0.1
11-May-21,0.1
12-May-21,0.1
13-May-21,0.1
14-May-21,0.1
17-May-21,0.1
18-May-21,0.1
19-May-21,0.1
20-May-21,0.1
21-May-21,0.1
24-May-21,0.1
25-May-21,0.1
26-May-21,0.1
27-May-21,0.1
28-May-21,0.1
31-May-21,0.1
1-Jun-21,0.1
2-Jun-21,0.1
3-Jun-21,0.1
4-Jun-21,0.1
7-Jun-21,0.1
8-Jun-21,0.1
9-Jun-21,0.1
10-Jun-21,0.1
11-Jun-21,0.1
15-Jun-21,0.1
16-Jun-21,0.1
17-Jun-21,0.1
18-Jun-21,0.1
21-Jun-21,0.1
22-Jun-21,0.1
23-Jun-21,0.1
24-Jun-21,0.1
25-Jun-21,0.1
28-Jun-21,0.1
29-Jun-21,0.1
30-Jun-21,0.1
1-Jul-21,0.1
2-Jul-21,0.1
5-Jul-21,0.1
6-Jul-21,0.1
7-Jul-21,0.1
8-Jul-21,0.1
9-Jul-21,0.1
12-Jul-21,0.1
13-Jul-21,0.1
14-Jul-21,0.1
15-Jul-21,0.1
16-Jul-21,0.1
19-Jul-21,0.1
20-Jul-21,0.1
21-Jul-21,0.1
22-Jul-21,0.1
23-Jul-21,0.1
26-Jul-21,0.1
27-Jul-21,0.1
28-Jul-21,0.1
29-Jul-21,0.1
30-Jul-21,0.1
2-Aug-21,0.1
3-Aug-21,0.1
4-Aug-21,0.1
5-Aug-21,0.1
6-Aug-21,0.1
9-Aug-21,0.1
10-Aug-21,0.1
11-Aug-21,0.1
12-Aug-21,0.1
13-Aug-21,0.1
16-Aug-21,0.1
17-Aug-21,0.1
18-Aug-21,0.1
19-Aug-21,0.1
20-Aug-21,0.1
23-Aug-21,0.1
24-Aug-21,0.1
25-Aug-21,0.1
26-Aug-21,0.1
27-Aug-21,0.1
30-Aug-21,0.1
31-Aug-21,0.1
1-Sep-21,0.1
2-Sep-21,0.1
3-Sep-21,0.1
6-Sep-21,0.1
7-Sep-21,0.1
8-Sep-21,0.1
9-Sep-21,0.1
10-Sep-21,0.1
13-Sep-21,0.1
14-Sep-21,0.1
15-Sep-21,0.1
16-Sep-21,0.1
17-Sep-21,0.1
20-Sep-21,0.1
21-Sep-21,0.1
22-Sep-21,0.1
23-Sep-21,0.1
24-Sep-21,0.1
27-Sep-21,0.1
28-Sep-21,0.1
29-Sep-21,0.1
30-Sep-21,0.1
1-Oct-21,0.1
4-Oct-21,0.1
5-Oct-21,0.1
6-Oct-21,0.1
7-Oct-21,0.1
8-Oct-21,0.1
11-Oct-21,0.1
12-Oct-21,0.1
13-Oct-21,0.1
14-Oct-21,0.1
15-Oct-21,0.1
18-Oct-21,0.1
19-Oct-21,0.1
20-Oct-21,0.1
21-Oct-21,0.1
22-Oct-21,0.1
25-Oct-21,0.1
26-Oct-21,0.1
27-Oct-21,0.1
28-Oct-21,0.1
29-Oct-21,0.1
1-Nov-21,0.1
2-Nov-21,0.1
3-Nov-21,0.1
4-Nov-21,0.1
5-Nov-21,0.1
8-Nov-21,0.1
9-Nov-21,0.1
10-Nov-21,0.1
11-Nov-21,0.1
12-Nov-21,0.1
15-Nov-21,0.1
16-Nov-21,0.1
17-Nov-21,0.1
18-Nov-21,0.1
19-Nov-21,0.1
22-Nov-21,0.1
23-Nov-21,0.1
24-Nov-21,0.1
25-Nov-21,0.1
26-Nov-21,0.1
29-Nov-21,0.1
30-Nov-21,0.1
1-Dec-21,0.1
2-Dec-21,0.1
3-Dec-21,0.1
6-Dec-21,0.1
7-Dec-21,0.1
8-Dec-21,0.1
9-Dec-21,0.1
10-Dec-21,0.1
13-Dec-21,0.1
14-Dec-21,0.1
15-Dec-21,0.1
16-Dec-21,0.1
17-Dec-21,0.1
20-Dec-21,0.1
21-Dec-21,0.1
22-Dec-21,0.1
23-Dec-21,0.1
24-Dec-21,0.1
29-Dec-21,0.1
30-Dec-21,0.1
31-Dec-21,0.1
4-Jan-22,0.1
5-Jan-22,0.1
6-Jan-22,0.1
7-Jan-22,0.1
10-Jan-22,0.1
11-Jan-22,0.1
12-Jan-22,0.1
13-Jan-22,0.1
14-Jan-22,0.1
17-Jan-22,0.1
18-Jan-22,0.1
19-Jan-22,0.1
20-Jan-22,0.1
21-Jan-22,0.1
24-Jan-22,0.1
25-Jan-22,0.1
27-Jan-22,0.1
28-Jan-22,0.1
31-Jan-22,0.1
1-Feb-22,0.1
2-Feb-22,0.1
3-Feb-22,0.1
4-Feb-22,0.1
7-Feb-22,0.1
8-Feb-22,0.1
9-Feb-22,0.1
10-Feb-22,0.1
11-Feb-22,0.1
14-Feb-22,0.1
15-Feb-22,0.1
16-Feb-22,0.1
17-Feb-22,0.1
18-Feb-22,0.1
21-Feb-22,0.1
22-Feb-22,0.1
23-Feb-22,0.1
24-Feb-22,0.1
25-Feb-22,0.1
28-Feb-22,0.1
1-Mar-22,0.1
2-Mar-22,0.1
3-Mar-22,0.1
4-Mar-22,0.1
7-Mar-22,0.1
8-Mar-22,0.1
9-Mar-22,0.1
10-Mar-22,0.1
11-Mar-22,0.1
14-Mar-22,0.1
15-Mar-22,0.1
16-Mar-22,0.1
17-Mar-22,0.1
18-Mar-22,0.1
21-Mar-22,0.1
22-Mar-22,0.1
23-Mar-22,0.1
24-Mar-22,0.1
25-Mar-22,0.1
28-Mar-22,0.1
29-Mar-22,0.1
30-Mar-22,0.1
31-Mar-22,0.1
1-Apr-22,0.1
4-Apr-22,0.1
5-Apr-22,0.1
6-Apr-22,0.1
7-Apr-22,0.1
8-Apr-22,0.1
11-Apr-22,0.1
12-Apr-22,0.1
13-Apr-22,0.1
14-Apr-22,0.1
19-Apr-22,0.1
20-Apr-22,0.1
21-Apr-22,0.1
22-Apr-22,0.1
26-Apr-22,0.1
27-Apr-22,0.1
28-Apr-22,0.1
29-Apr-22,0.1
2-May-22,0.1
3-May-22,0.1
4-May-22,0.35
5-May-22,0.35
6-May-22,0.35
9-May-22,0.35
10-May-22,0.35
11-May-22,0.35
12-May-22,0.35
13-May-22,0.35
16-May-22,0.35
17-May-22,0.35
18-May-22,0.35
19-May-22,0.35
20-May-22,0.35
23-May-22,0.35
24-May-22,0.35
25-May-22,0.35
26-May-22,0.35
27-May-22,0.35
30-May-22,0.35
31-May-22,0.35
1-Jun-22,0.35
2-Jun-22,0.35
3-Jun-22,0.35
6-Jun-22,0.35
7-Jun-22,0.35
8-Jun-22,0.85
9-Jun-22,0.85
10-Jun-22,0.85
14-Jun-22,0.85
15-Jun-22,0.85
16-Jun-22,0.85
17-Jun-22,0.85
20-Jun-22,0.85
21-Jun-22,0.85
22-Jun-22,0.85
23-Jun-22,0.85
24-Jun-22,0.85
27-Jun-22,0.85
28-Jun-22,0.85
29-Jun-22,0.85
30-Jun-22,0.85
1-Jul-22,0.85
4-Jul-22,0.85
5-Jul-22,0.85
6-Jul-22,1.35
7-Jul-22,1.35
8-Jul-22,1.35
11-Jul-22,1.35
12-Jul-22,1.35
13-Jul-22,1.35
14-Jul-22,1.35
15-Jul-22,1.35
18-Jul-22,1.35
19-Jul-22,1.35
20-Jul-22,1.35
21-Jul-22,1.35
22-Jul-22,1.35
25-Jul-22,1.35
26-Jul-22,1.35
27-Jul-22,1.35
28-Jul-22,1.35
29-Jul-22,1.35
1-Aug-22,1.35
2-Aug-22,1.35
3-Aug-22,1.85
4-Aug-22,1.85
5-Aug-22,1.85
8-Aug-22,1.85
9-Aug-22,1.85
10-Aug-22,1.85
11-Aug-22,1.85
12-Aug-22,1.85
15-Aug-22,1.85
16-Aug-22,1.85
17-Aug-22,1.85
18-Aug-22,1.85
19-Aug-22,1.85
22-Aug-22,1.85
23-Aug-22,1.85
24-Aug-22,1.85
25-Aug-22,1.85
26-Aug-22,1.85
29-Aug-22,1.85
30-Aug-22,1.85
31-Aug-22,1.85
1-Sep-22,1.85
2-Sep-22,1.85
5-Sep-22,1.85
6-Sep-22,1.85
7-Sep-22,2.35
8-Sep-22,2.35
9-Sep-22,2.35
12-Sep-22,2.35
13-Sep-22,2.35
14-Sep-22,2.35
15-Sep-22,2.35
16-Sep-22,2.35
19-Sep-22,2.35
20-Sep-22,2.35
21-Sep-22,2.35
23-Sep-22,2.35
26-Sep-22,2.35
27-Sep-22,2.35
28-Sep-22,2.35
29-Sep-22,2.35
30-Sep-22,2.35
3-Oct-22,2.35
4-Oct-22,2.35
5-Oct-22,2.6
6-Oct-22,2.6
7-Oct-22,2.6
10-Oct-22,2.6
11-Oct-22,2.6
12-Oct-22,2.6
13-Oct-22,2.6
14-Oct-22,2.6
17-Oct-22,2.6
18-Oct-22,2.6
19-Oct-22,2.6
20-Oct-22,2.6
21-Oct-22,2.6
24-Oct-22,2.6
25-Oct-22,2.6
26-Oct-22,2.6
27-Oct-22,2.6
28-Oct-22,2.6
31-Oct-22,2.6
1-Nov-22,2.6
2-Nov-22,2.85
3-Nov-22,2.85
4-Nov-22,2.85
7-Nov-22,2.85
8-Nov-22,2.85
9-Nov-22,2.85
10-Nov-22,2.85
11-Nov-22,2.85
14-Nov-22,2.85
15-Nov-22,2.85
16-Nov-22,2.85
17-Nov-22,2.85
18-Nov-22,2.85
21-Nov-22,2.85
22-Nov-22,2.85
23-Nov-22,2.85
24-Nov-22,2.85
25-Nov-22,2.85
28-Nov-22,2.85
29-Nov-22,2.85
30-Nov-22,2.85
1-Dec-22,2.85
2-Dec-22,2.85
5-Dec-22,2.85
6-Dec-22,2.85
7-Dec-22,3.1
8-Dec-22,3.1
9-Dec-22,3.1
12-Dec-22,3.1
13-Dec-22,3.1
14-Dec-22,3.1
15-Dec-22,3.1
16-Dec-22,3.1
19-Dec-22,3.1
20-Dec-22,3.1
21-Dec-22,3.1
22-Dec-22,3.1
23-Dec-22,3.1
28-Dec-22,3.1
29-Dec-22,3.1
30-Dec-22,3.1
3-Jan-23,3.1
4-Jan-23,3.1
5-Jan-23,3.1
6-Jan-23,3.1
9-Jan-23,3.1
10-Jan-23,3.1
11-Jan-23,3.1
12-Jan-23,3.1
13-Jan-23,3.1
16-Jan-23,3.1
17-Jan-23,3.1
18-Jan-23,3.1
19-Jan-23,3.1
20-Jan-23,3.1
23-Jan-23,3.1
24-Jan-23,3.1
25-Jan-23,3.1
27-Jan-23,3.1
30-Jan-23,3.1
31-Jan-23,3.1
1-Feb-23,3.1
2-Feb-23,3.1
3-Feb-23,3.1
6-Feb-23,3.1
7-Feb-23,3.1
8-Feb-23,3.35
9-Feb-23,3.35
10-Feb-23,3.35
13-Feb-23,3.35
14-Feb-23,3.35
15-Feb-23,3.35
16-Feb-23,3.35
17-Feb-23,3.35
20-Feb-23,3.35
21-Feb-23,3.35
22-Feb-23,3.35
23-Feb-23,3.35
24-Feb-23,3.35
27-Feb-23,3.35
28-Feb-23,3.35
1-Mar-23,3.35
2-Mar-23,3.35
3-Mar-23,3.35
6-Mar-23,3.35
7-Mar-23,3.35
8-Mar-23,3.6
9-Mar-23,3.6
10-Mar-23,3.6
13-Mar-23,3.6
14-Mar-23,3.6
15-Mar-23,3.6
16-Mar-23,3.6
17-Mar-23,3.6
20-Mar-23,3.6
21-Mar-23,3.6
22-Mar-23,3.6
23-Mar-23,3.6
24-Mar-23,3.6
27-Mar-23,3.6
28-Mar-23,3.6
29-Mar-23,3.6
30-Mar-23,3.6
31-Mar-23,3.6
3-Apr-23,3.6
4-Apr-23,3.6
5-Apr-23,3.6
6-Apr-23,3.6
11-Apr-23,3.6
12-Apr-23,3.6
13-Apr-23,3.6
14-Apr-23,3.6
17-Apr-23,3.6
18-Apr-23,3.6
19-Apr-23,3.6
20-Apr-23,3.6
21-Apr-23,3.6
24-Apr-23,3.6
26-Apr-23,3.6
27-Apr-23,3.6
28-Apr-23,3.6
1-May-23,3.6
2-May-23,3.6
3-May-23,3.85
4-May-23,3.85
5-May-23,3.85
8-May-23,3.85
9-May-23,3.85
10-May-23,3.85
11-May-23,3.85
12-May-23,3.85
15-May-23,3.85
16-May-23,3.85
17-May-23,3.85
18-May-23,3.85
19-May-23,3.85
22-May-23,3.85
23-May-23,3.85
24-May-23,3.85
25-May-23,3.85
26-May-23,3.85
29-May-23,3.85
30-May-23,3.85
31-May-23,3.85
1-Jun-23,3.85
2-Jun-23,3.85
5-Jun-23,3.85
6-Jun-23,3.85
7-Jun-23,4.1
8-Jun-23,4.1
9-Jun-23,4.1
13-Jun-23,4.1
14-Jun-23,4.1
15-Jun-23,4.1
16-Jun-23,4.1
19-Jun-23,4.1
20-Jun-23,4.1
21-Jun-23,4.1
22-Jun-23,4.1
23-Jun-23,4.1
26-Jun-23,4.1
27-Jun-23,4.1
28-Jun-23,4.1
29-Jun-23,4.1
30-Jun-23,4.1
3-Jul-23,4.1
4-Jul-23,4.1
5-Jul-23,4.1
6-Jul-23,4.1
7-Jul-23,4.1
10-Jul-23,4.1
11-Jul-23,4.1
12-Jul-23,4.1
13-Jul-23,4.1
14-Jul-23,4.1
17-Jul-23,4.1
18-Jul-23,4.1
19-Jul-23,4.1
20-Jul-23,4.1
21-Jul-23,4.1
24-Jul-23,4.1
25-Jul-23,4.1
26-Jul-23,4.1
27-Jul-23,4.1
28-Jul-23,4.1
31-Jul-23,4.1
1-Aug-23,4.1
2-Aug-23,4.1
3-Aug-23,4.1
4-Aug-23,4.1
7-Aug-23,4.1
8-Aug-23,4.1
9-Aug-23,4.1
10-Aug-23,4.1
11-Aug-23,4.1
14-Aug-23,4.1
15-Aug-23,4.1
16-Aug-23,4.1
17-Aug-23,4.1
18-Aug-23,4.1
21-Aug-23,4.1
22-Aug-23,4.1
23-Aug-23,4.1
24-Aug-23,4.1
25-Aug-23,4.1
28-Aug-23,4.1
29-Aug-23,4.1
30-Aug-23,4.1
31-Aug-23,4.1
1-Sep-23,4.1
4-Sep-23,4.1
5-Sep-23,4.1
6-Sep-23,4.1
7-Sep-23,4.1
8-Sep-23,4.1
11-Sep-23,4.1
12-Sep-23,4.1
13-Sep-23,4.1
14-Sep-23,4.1
15-Sep-23,4.1
18-Sep-23,4.1
19-Sep-23,4.1
20-Sep-23,4.1
21-Sep-23,4.1
22-Sep-23,4.1
25-Sep-23,4.1
26-Sep-23,4.1
27-Sep-23,4.1
28-Sep-23,4.1
29-Sep-23,4.1
2-Oct-23,4.1
3-Oct-23,4.1
4-Oct-23,4.1
5-Oct-23,4.1
6-Oct-23,4.1
9-Oct-23,4.1
10-Oct-23,4.1
11-Oct-23,4.1
12-Oct-23,4.1
13-Oct-23,4.1
16-Oct-23,4.1
17-Oct-23,4.1
18-Oct-23,4.1
19-Oct-23,4.1
20-Oct-23,4.1
23-Oct-23,4.1
24-Oct-23,4.1
25-Oct-23,4.1
26-Oct-23,4.1
27-Oct-23,4.1
30-Oct-23,4.1
31-Oct-23,4.1
1-Nov-23,4.1
2-Nov-23,4.1
3-Nov-23,4.1
6-Nov-23,4.1
7-Nov-23,4.1
8-Nov-23,4.35
9-Nov-23,4.35
10-Nov-23,4.35
13-Nov-23,4.35
14-Nov-23,4.35
15-Nov-23,4.35
16-Nov-23,4.35
17-Nov-23,4.35
20-Nov-23,4.35
21-Nov-23,4.35
22-Nov-23,4.35
23-Nov-23,4.35
24-Nov-23,4.35
27-Nov-23,4.35
28-Nov-23,4.35
29-Nov-23,4.35
30-Nov-23,4.35
1-Dec-23,4.35
4-Dec-23,4.35
5-Dec-23,4.35
6-Dec-23,4.35
7-Dec-23,4.35
8-Dec-23,4.35
11-Dec-23,4.35
12-Dec-23,4.35
13-Dec-23,4.35
14-Dec-23,4.35
15-Dec-23,4.35
18-Dec-23,4.35
19-Dec-23,4.35
20-Dec-23,4.35
21-Dec-23,4.35
22-Dec-23,4.35
27-Dec-23,4.35
28-Dec-23,4.35
29-Dec-23,4.35
2-Jan-24,4.35
3-Jan-24,4.35
4-Jan-24,4.35
5-Jan-24,4.35
8-Jan-24,4.35
9-Jan-24,4.35
10-Jan-24,4.35
11-Jan-24,4.35
12-Jan-24,4.35
15-Jan-24,4.35
16-Jan-24,4.35
17-Jan-24,4.35
18-Jan-24,4.35
19-Jan-24,4.35
22-Jan-24,4.35
23-Jan-24,4.35
24-Jan-24,4.35
25-Jan-24,4.35
29-Jan-24,4.35
30-Jan-24,4.35
31-Jan-24,4.35
1-Feb-24,4.35
2-Feb-24,4.35
5-Feb-24,4.35
6-Feb-24,4.35
7-Feb-24,4.35
8-Feb-24,4.35
9-Feb-24,4.35
12-Feb-24,4.35
13-Feb-24,4.35
14-Feb-24,4.35
15-Feb-24,4.35
16-Feb-24,4.35
19-Feb-24,4.35
20-Feb-24,4.35
21-Feb-24,4.35
22-Feb-24,4.35
23-Feb-24,4.35
26-Feb-24,4.35
27-Feb-24,4.35
28-Feb-24,4.35
29-Feb-24,4.35
1-Mar-24,4.35
4-Mar-24,4.35
5-Mar-24,4.35
6-Mar-24,4.35
7-Mar-24,4.35
8-Mar-24,4.35
11-Mar-24,4.35
12-Mar-24,4.35
13-Mar-24,4.35
14-Mar-24,4.35
15-Mar-24,4.35
18-Mar-24,4.35
19-Mar-24,4.35
20-Mar-24,4.35
21-Mar-24,4.35
22-Mar-24,4.35
25-Mar-24,4.35
26-Mar-24,4.35
27-Mar-24,4.35
28-Mar-24,4.35
2-Apr-24,4.35
3-Apr-24,4.35
4-Apr-24,4.35
5-Apr-24,4.35
8-Apr-24,4.35
9-Apr-24,4.35
10-Apr-24,4.35
11-Apr-24,4.35
12-Apr-24,4.35
15-Apr-24,4.35
16-Apr-24,4.35
17-Apr-24,4.35
18-Apr-24,4.35
19-Apr-24,4.35
22-Apr-24,4.35
23-Apr-24,4.35
24-Apr-24,4.35
26-Apr-24,4.35
29-Apr-24,4.35
30-Apr-24,4.35
1-May-24,4.35
2-May-24,4.35
3-May-24,4.35
6-May-24,4.35
7-May-24,4.35
8-May-24,4.35
9-May-24,4.35
10-May-24,4.35
13-May-24,4.35
14-May-24,4.35
15-May-24,4.35
16-May-24,4.35
17-May-24,4.35
20-May-24,4.35
21-May-24,4.35
22-May-24,4.35
23-May-24,4.35
24-May-24,4.35
27-May-24,4.35
28-May-24,4.35
29-May-24,4.35
30-May-24,4.35
31-May-24,4.35
3-Jun-24,4.35
4-Jun-24,4.35
5-Jun-24,4.35
6-Jun-24,4.35
7-Jun-24,4.35
11-Jun-24,4.35
12-Jun-24,4.35
13-Jun-24,4.35
14-Jun-24,4.35
17-Jun-24,4.35
18-Jun-24,4.35
19-Jun-24,4.35
20-Jun-24,4.35
21-Jun-24,4.35
24-Jun-24,4.35
25-Jun-24,4.35
26-Jun-24,4.35
27-Jun-24,4.35
28-Jun-24,4.35
1-Jul-24,4.35
2-Jul-24,4.35
3-Jul-24,4.35
4-Jul-24,4.35
5-Jul-24,4.35
8-Jul-24,4.35
9-Jul-24,4.35
10-Jul-24,4.35
11-Jul-24,4.35
12-Jul-24,4.35
15-Jul-24,4.35
16-Jul-24,4.35
17-Jul-24,4.35
18-Jul-24,4.35
19-Jul-24,4.35
22-Jul-24,4.35
23-Jul-24,4.35
24-Jul-24,4.35
25-Jul-24,4.35
26-Jul-24,4.35
29-Jul-24,4.35
30-Jul-24,4.35
31-Jul-24,4.35
1-Aug-24,4.35
2-Aug-24,4.35
5-Aug-24,4.35
6-Aug-24,4.35
7-Aug-24,4.35
8-Aug-24,4.35
9-Aug-24,4.35
12-Aug-24,4.35
13-Aug-24,4.35
14-Aug-24,4.35
15-Aug-24,4.35
16-Aug-24,4.35
19-Aug-24,4.35
20-Aug-24,4.35
21-Aug-24,4.35
22-Aug-24,4.35
23-Aug-24,4.35
26-Aug-24,4.35
27-Aug-24,4.35
28-Aug-24,4.35
29-Aug-24,4.35
30-Aug-24,4.35
2-Sep-24,4.35
3-Sep-24,4.35
4-Sep-24,4.35
5-Sep-24,4.35
6-Sep-24,4.35
9-Sep-24,4.35
10-Sep-24,4.35
11-Sep-24,4.35
12-Sep-24,4.35
13-Sep-24,4.35
16-Sep-24,4.35
17-Sep-24,4.35
18-Sep-24,4.35
19-Sep-24,4.35
20-Sep-24,4.35
23-Sep-24,4.35
24-Sep-24,4.35
25-Sep-24,4.35
26-Sep-24,4.35
27-Sep-24,4.35
30-Sep-24,4.35
1-Oct-24,4.35
2-Oct-24,4.35
3-Oct-24,4.35
4-Oct-24,4.35
7-Oct-24,4.35
8-Oct-24,4.35
9-Oct-24,4.35
10-Oct-24,4.35
11-Oct-24,4.35
14-Oct-24,4.35
15-Oct-24,4.35
16-Oct-24,4.35
17-Oct-24,4.35
18-Oct-24,4.35
21-Oct-24,4.35
22-Oct-24,4.35
23-Oct-24,4.35
24-Oct-24,4.35
25-Oct-24,4.35
28-Oct-24,4.35
29-Oct-24,4.35
30-Oct-24,4.35
31-Oct-24,4.35
1-Nov-24,4.35
4-Nov-24,4.35
5-Nov-24,4.35
6-Nov-24,4.35
7-Nov-24,4.35
8-Nov-24,4.35
11-Nov-24,4.35
12-Nov-24,4.35
13-Nov-24,4.35
14-Nov-24,4.35
15-Nov-24,4.35
18-Nov-24,4.35
19-Nov-24,4.35
20-Nov-24,4.35
21-Nov-24,4.35
22-Nov-24,4.35
25-Nov-24,4.35
26-Nov-24,4.35
27-Nov-24,4.35
28-Nov-24,4.35
29-Nov-24,4.35
2-Dec-24,4.35
3-Dec-24,4.35
4-Dec-24,4.35
5-Dec-24,4.35
6-Dec-24,4.35
9-Dec-24,4.35
10-Dec-24,4.35
11-Dec-24,4.35
12-Dec-24,4.35
13-Dec-24,4.35
16-Dec-24,4.35
17-Dec-24,4.35
18-Dec-24,4.35
19-Dec-24,4.35
20-Dec-24,4.35
23-Dec-24,4.35
24-Dec-24,4.35
27-Dec-24,4.35
30-Dec-24,4.35
31-Dec-24,4.35
2-Jan-25,4.35
3-Jan-25,4.35
6-Jan-25,4.35
7-Jan-25,4.35
8-Jan-25,4.35
9-Jan-25,4.35
10-Jan-25,4.35
13-Jan-25,4.35
14-Jan-25,4.35
15-Jan-25,4.35
16-Jan-25,4.35
17-Jan-25,4.35
20-Jan-25,4.35
21-Jan-25,4.35
22-Jan-25,4.35
23-Jan-25,4.35
24-Jan-25,4.35
28-Jan-25,4.35
29-Jan-25,4.35
30-Jan-25,4.35
31-Jan-25,4.35
3-Feb-25,4.35
4-Feb-25,4.35
5-Feb-25,4.35
6-Feb-25,4.35
7-Feb-25,4.35
10-Feb-25,4.35
11-Feb-25,4.35
12-Feb-25,4.35
13-Feb-25,4.35
14-Feb-25,4.35
17-Feb-25,4.35
18-Feb-25,4.35
19-Feb-25,4.1
20-Feb-25,4.1
21-Feb-25,4.1
24-Feb-25,4.1
25-Feb-25,4.1
26-Feb-25,4.1
27-Feb-25,4.1
28-Feb-25,4.1
3-Mar-25,4.1
4-Mar-25,4.1
5-Mar-25,4.1
6-Mar-25,4.1
7-Mar-25,4.1
10-Mar-25,4.1
11-Mar-25,4.1
12-Mar-25,4.1
13-Mar-25,4.1
14-Mar-25,4.1
17-Mar-25,4.1
18-Mar-25,4.1
19-Mar-25,4.1
20-Mar-25,4.1
21-Mar-25,4.1
24-Mar-25,4.1
25-Mar-25,4.1
26-Mar-25,4.1
27-Mar-25,4.1
28-Mar-25,4.1
31-Mar-25,4.1
1-Apr-25,4.1
2-Apr-25,4.1
3-Apr-25,4.1
4-Apr-25,4.1
7-Apr-25,4.1
8-Apr-25,4.1
9-Apr-25,4.1
10-Apr-25,4.1
11-Apr-25,4.1
14-Apr-25,4.1
15-Apr-25,4.1
16-Apr-25,4.1
17-Apr-25,4.1
22-Apr-25,4.1
23-Apr-25,4.1
24-Apr-25,4.1
28-Apr-25,4.1
29-Apr-25,4.1
30-Apr-25,4.1
1-May-25,4.1
2-May-25,4.1
5-May-25,4.1
6-May-25,4.1
7-May-25,4.1
8-May-25,4.1
9-May-25,4.1
12-May-25,4.1
13-May-25,4.1
14-May-25,4.1
15-May-25,4.1
16-May-25,4.1
19-May-25,4.1
20-May-25,4.1
21-May-25,3.85
22-May-25,3.85
23-May-25,3.85
26-May-25,3.85
27-May-25,3.85
28-May-25,3.85
29-May-25,3.85
30-May-25,3.85
2-Jun-25,3.85
3-Jun-25,3.85
4-Jun-25,3.85
5-Jun-25,3.85
6-Jun-25,3.85
10-Jun-25,3.85
11-Jun-25,3.85
12-Jun-25,3.85
13-Jun-25,3.85
16-Jun-25,3.85
17-Jun-25,3.85
18-Jun-25,3.85
19-Jun-25,3.85
20-Jun-25,3.85
23-Jun-25,3.85
24-Jun-25,3.85
25-Jun-25,3.85
26-Jun-25,3.85
27-Jun-25,3.85
30-Jun-25,3.85
1-Jul-25,3.85
2-Jul-25,3.85
3-Jul-25,3.85
4-Jul-25,3.85
7-Jul-25,3.85
8-Jul-25,3.85
9-Jul-25,3.85
10-Jul-25,3.85
11-Jul-25,3.85
14-Jul-25,3.85
15-Jul-25,3.85
16-Jul-25,3.85
17-Jul-25,3.85
18-Jul-25,3.85
21-Jul-25,3.85
22-Jul-25,3.85
23-Jul-25,3.85
24-Jul-25,3.85
25-Jul-25,3.85
28-Jul-25,3.85
29-Jul-25,3.85
30-Jul-25,3.85
31-Jul-25,3.85
1-Aug-25,3.85
4-Aug-25,3.85
5-Aug-25,3.85
6-Aug-25,3.85
7-Aug-25,3.85
8-Aug-25,3.85
11-Aug-25,3.85
12-Aug-25,3.85
13-Aug-25,3.6
14-Aug-25,3.6
15-Aug-25,3.6
18-Aug-25,3.6
19-Aug-25,3.6
20-Aug-25,3.6
21-Aug-25,3.6
22-Aug-25,3.6
25-Aug-25,3.6
26-Aug-25,3.6
27-Aug-25,3.6
28-Aug-25,3.6
29-Aug-25,3.6
1-Sep-25,3.6
2-Sep-25,3.6
3-Sep-25,3.6
4-Sep-25,3.6
5-Sep-25,3.6
8-Sep-25,3.6
9-Sep-25,3.6
10-Sep-25,3.6
11-Sep-25,3.6
12-Sep-25,3.6
15-Sep-25,3.6
16-Sep-25,3.6
17-Sep-25,3.6
18-Sep-25,3.6
19-Sep-25,3.6
22-Sep-25,3.6
23-Sep-25,3.6
24-Sep-25,3.6
25-Sep-25,3.6
26-Sep-25,3.6
29-Sep-25,3.6
30-Sep-25,3.6
1-Oct-25,3.6
2-Oct-25,3.6
3-Oct-25,3.6
6-Oct-25,3.6
7-Oct-25,3.6
8-Oct-25,3.6
9-Oct-25,3.6
10-Oct-25,3.6
13-Oct-25,3.6
14-Oct-25,3.6
15-Oct-25,3.6
16-Oct-25,3.6
17-Oct-25,3.6
20-Oct-25,3.6
21-Oct-25,3.6
22-Oct-25,3.6
23-Oct-25,3.6
24-Oct-25,3.6
27-Oct-25,3.6
28-Oct-25,3.6
29-Oct-25,3.6
30-Oct-25,3.6
31-Oct-25,3.6
3-Nov-25,3.6
4-Nov-25,3.6
5-Nov-25,3.6
6-Nov-25,3.6
7-Nov-25,3.6
10-Nov-25,3.6
11-Nov-25,3.6
12-Nov-25,3.6
13-Nov-25,3.6
14-Nov-25,3.6
17-Nov-25,3.6
18-Nov-25,3.6
19-Nov-25,3.6
20-Nov-25,3.6
21-Nov-25,3.6
24-Nov-25,3.6
25-Nov-25,3.6
26-Nov-25,3.6
27-Nov-25,3.6
28-Nov-25,3.6
1-Dec-25,3.6
2-Dec-25,3.6
3-Dec-25,3.6
4-Dec-25,3.6
5-Dec-25,3.6
8-Dec-25,3.6
9-Dec-25,3.6
10-Dec-25,3.6
11-Dec-25,3.6
12-Dec-25,3.6
15-Dec-25,3.6
16-Dec-25,3.6
17-Dec-25,3.6
18-Dec-25,3.6
19-Dec-25,3.6
22-Dec-25,3.6
23-Dec-25,3.6
24-Dec-25,3.6
29-Dec-25,3.6
30-Dec-25,3.6
31-Dec-25,3.6