,Gross domestic product: Chain volume measures - Percentage changes ;,GDP per capita: Chain volume measures - Percentage changes ;,Gross value added market sector: Chain volume measures - Percentage changes ;,Gross value added non-market sector: Chain volume measures - Percentage changes ;,Net domestic product: Chain volume measures - Percentage changes ;,Real gross domestic income: Chain volume measures - Percentage changes ;,Real gross national income: Chain volume measures - Percentage changes ;,Real net national disposable income: Chain volume measures - Percentage changes ;,Real net national disposable income per capita: Chain volume measures - Percentage changes ;,Gross domestic product: Current prices - Percentage Changes ;,Hours worked: Index - Percentage changes ;,Hours worked market sector: Index - Percentage changes ;,Hours worked non-market sector: Index - Percentage changes ;,GDP per hour worked: Index - Percentage changes ;,Gross value added per hour worked market sector: Index - Percentage changes ;,Gross value added per hour worked non-market sector: Index - Percentage changes ;,Real unit of labour costs: Index - Percentage changes ;,Real unit of labour costs - Non-farm: Index - Percentage changes ;,Gross domestic product: Index - Percentage changes ;,Domestic final demand: Index - Percentage changes ;,Terms of trade: Index - Percentage changes ;,Gross domestic product: Chain volume measures ;,GDP per capita: Chain volume measures ;,Gross value added market sector: Chain volume measures ;,Gross value added non-market sector: Chain volume measures ;,Net domestic product: Chain volume measures ;,Real gross domestic income: Chain volume measures ;,Real gross national income: Chain volume measures ;,Real net national disposable income: Chain volume measures ;,Real net national disposable income per capita: Chain volume measures ;,Gross domestic product: Current prices ;,GDP per capita: Current prices ;,Gross national income: Current prices ;,Net saving: Current prices ;,Household saving ratio: Ratio ;,Hours worked: Index ;,Hours worked market sector: Index ;,Hours worked non-market sector: Index ;,GDP per hour worked: Index ;,Gross value added per hour worked market sector: Index ;,Gross value added per hour worked non-market sector: Index ;,Real unit of labour costs: Index ;,Real unit of labour costs - Non-farm: Index ;,Gross domestic product: Index ;,Domestic final demand: Index ;,Terms of trade: Index ;,Gross domestic product - Expenditure based: Chain volume measures ;,Gross domestic product - Income based: Chain volume measures ;,Gross domestic product - Production based: Chain volume measures ;,Non-farm ;  Gross domestic product: Chain volume measures ;,Non-farm ;  Gross domestic product: Current prices ;,Non-farm ;  Gross domestic product: Implicit price deflators ;,Farm ;  Gross domestic product: Chain volume measures ;,Farm ;  Gross domestic product: Current prices ;,Farm ;  Gross domestic product: Implicit price deflators ;,Gross fixed capital formation - New private business investment: Chain volume measures ;,Gross fixed capital formation - New private business investment: Current prices ;,Private non-farm inventory levels: Chain volume measures ;,Private non-farm inventory levels - book values: Current prices ;,Domestic sales: Current prices ;,Total sales: Current prices ;,Inventories to total sales: Ratio ;,Imports of merchandise goods: Current prices ;,Imports to domestic sales: Ratio ;,Wages share of total factor income: Ratio ;,Profits share of total factor income: Ratio ;,Average compensation per employee: Current prices ;,Compensation of employees per hour: Current prices ;,Non-farm ;  Total compensation of employees: Current prices ;,Average non-farm compensation per employee: Current prices ;,Non-farm compensation of employees per hour: Current prices ;,Gross fixed capital formation - Mining private business investment: Chain volume measures ;,Gross fixed capital formation - Non-mining private business investment: Chain volume measures ;,Gross fixed capital formation - Mining private business investment: Current prices ;,Gross fixed capital formation - Non-mining private business investment: Current prices ;,Public ;  Final demand: Chain volume measures ;,Private ;  Final demand: Chain volume measures ;,Public ;  Final demand: Current prices ;,Private ;  Final demand: Current prices ;,Households ;  Final consumption expenditure - Goods: Chain volume measures ;,Households ;  Final consumption expenditure - Services: Chain volume measures ;,Households ;  Final consumption expenditure - Essential consumption: Chain volume measures ;,Households ;  Final consumption expenditure - Discretionary consumption: Chain volume measures ;,Households ;  Final consumption expenditure - Goods: Current prices ;,Households ;  Final consumption expenditure - Services: Current prices ;,Households ;  Final consumption expenditure - Essential consumption: Current prices ;,Households ;  Final consumption expenditure - Discretionary consumption: Current prices ;,Gross domestic product - Expenditure based: Chain volume measures - Percentage changes ;,Gross domestic product - Income based: Chain volume measures - Percentage changes ;,Gross domestic product - Production based: Chain volume measures - Percentage changes ;,Non-farm ;  Gross domestic product: Chain volume measures - Percentage changes ;,Non-farm ;  Gross domestic product: Current prices - Percentage Changes ;,Non-farm ;  Gross domestic product: Implicit price deflators - Percentage changes ;,Farm ;  Gross domestic product: Chain volume measures - Percentage changes ;,Farm ;  Gross domestic product: Current prices - Percentage Changes ;,Farm ;  Gross domestic product: Implicit price deflators - Percentage changes ;,Gross fixed capital formation - New private business investment: Chain volume measures - Percentage changes ;,Gross fixed capital formation - New private business investment: Current prices - Percentage Changes ;,Average compensation per employee: Current prices - Percentage Changes ;,Compensation of employees per hour: Current prices - Percentage Changes ;,Non-farm ;  Total compensation of employees: Current prices - Percentage Changes ;,Average non-farm compensation per employee: Current prices - Percentage Changes ;,Non-farm compensation of employees per hour: Current prices - Percentage Changes ;,Gross fixed capital formation - Mining private business investment: Chain volume measures - Percentage changes ;,Gross fixed capital formation - Non-mining private business investment: Chain volume measures - Percentage changes ;,Gross fixed capital formation - Mining private business investment: Current prices - Percentage Changes ;,Gross fixed capital formation - Non-mining private business investment: Current prices - Percentage Changes ;,Public ;  Final demand: Chain volume measures - Percentage changes ;,Private ;  Final demand: Chain volume measures - Percentage changes ;,Public ;  Final demand: Current prices - Percentage Changes ;,Private ;  Final demand: Current prices - Percentage Changes ;,Households ;  Final consumption expenditure - Goods: Chain volume measures - Percentage changes ;,Households ;  Final consumption expenditure - Services: Chain volume measures - Percentage changes ;,Households ;  Final consumption expenditure - Essential consumption: Chain volume measures - Percentage changes ;,Households ;  Final consumption expenditure - Discretionary consumption: Chain volume measures - Percentage changes ;,Households ;  Final consumption expenditure - Goods: Current prices - Percentage Changes ;,Households ;  Final consumption expenditure - Services: Current prices - Percentage Changes ;,Households ;  Final consumption expenditure - Essential consumption: Current prices - Percentage Changes ;,Households ;  Final consumption expenditure - Discretionary consumption: Current prices - Percentage Changes ;
Unit,Percent,Percent,Percent,Percent,Percent,Percent,Percent,Percent,Percent,Percent,Percent,Percent,Percent,Percent,Percent,Percent,Percent,Percent,Percent,Percent,Percent,$ Millions,$,$ Millions,$ Millions,$ Millions,$ Millions,$ Millions,$ Millions,$,$ Millions,$,$ Millions,$ Millions,proportion,Index Numbers,Index Numbers,Index Numbers,Index Numbers,Index Numbers,Index Numbers,Index Numbers,Index Numbers,Index Numbers,Index Numbers,Index Numbers,$ Millions,$ Millions,$ Millions,$ Millions,$ Millions,Index Numbers,$ Millions,$ Millions,Index Numbers,$ Millions,$ Millions,$ Millions,$ Millions,$ Millions,$ Millions,proportion,$ Millions,proportion,Percent,Percent,$,$,$ Millions,$,$,$ Millions,$ Millions,$ Millions,$ Millions,$ Millions,$ Millions,$ Millions,$ Millions,$ Millions,$ Millions,$ Millions,$ Millions,$ Millions,$ Millions,$ Millions,$ Millions,Percent,Percent,Percent,Percent,Percent,Percent,Percent,Percent,Percent,Percent,Percent,Percent,Percent,Percent,Percent,Percent,Percent,Percent,Percent,Percent,Percent,Percent,Percent,Percent,Percent,Percent,Percent,Percent,Percent,Percent,Percent,Percent
Series Type,Original,Original,Original,Original,Original,Original,Original,Original,Original,Original,Original,Original,Original,Original,Original,Original,Original,Original,Original,Original,Original,Original,Original,Original,Original,Original,Original,Original,Original,Original,Original,Original,Original,Original,Original,Original,Original,Original,Original,Original,Original,Original,Original,Original,Original,Original,Original,Original,Original,Original,Original,Original,Original,Original,Original,Original,Original,Original,Original,Original,Original,Original,Original,Original,Original,Original,Original,Original,Original,Original,Original,Original,Original,Original,Original,Original,Original,Original,Original,Original,Original,Original,Original,Original,Original,Original,Original,Original,Original,Original,Original,Original,Original,Original,Original,Original,Original,Original,Original,Original,Original,Original,Original,Original,Original,Original,Original,Original,Original,Original,Original,Original,Original,Original,Original,Original,Original,Original,Original
Data Type,DERIVED,DERIVED,DERIVED,DERIVED,DERIVED,DERIVED,DERIVED,DERIVED,DERIVED,DERIVED,DERIVED,DERIVED,DERIVED,DERIVED,DERIVED,DERIVED,DERIVED,DERIVED,DERIVED,DERIVED,DERIVED,DERIVED,DERIVED,DERIVED,DERIVED,DERIVED,DERIVED,DERIVED,DERIVED,DERIVED,DERIVED,DERIVED,DERIVED,DERIVED,DERIVED,DERIVED,DERIVED,DERIVED,DERIVED,DERIVED,DERIVED,DERIVED,DERIVED,DERIVED,DERIVED,DERIVED,DERIVED,DERIVED,DERIVED,DERIVED,DERIVED,DERIVED,DERIVED,DERIVED,DERIVED,DERIVED,DERIVED,DERIVED,DERIVED,DERIVED,DERIVED,DERIVED,DERIVED,DERIVED,DERIVED,DERIVED,DERIVED,DERIVED,DERIVED,DERIVED,DERIVED,DERIVED,DERIVED,DERIVED,DERIVED,DERIVED,DERIVED,DERIVED,DERIVED,DERIVED,DERIVED,DERIVED,DERIVED,DERIVED,DERIVED,DERIVED,DERIVED,DERIVED,DERIVED,DERIVED,DERIVED,DERIVED,DERIVED,DERIVED,DERIVED,DERIVED,DERIVED,DERIVED,DERIVED,DERIVED,DERIVED,DERIVED,DERIVED,DERIVED,DERIVED,DERIVED,DERIVED,DERIVED,DERIVED,DERIVED,DERIVED,DERIVED,DERIVED,DERIVED,DERIVED,DERIVED,DERIVED,DERIVED,DERIVED
Frequency,Annual,Annual,Annual,Annual,Annual,Annual,Annual,Annual,Annual,Annual,Annual,Annual,Annual,Annual,Annual,Annual,Annual,Annual,Annual,Annual,Annual,Annual,Annual,Annual,Annual,Annual,Annual,Annual,Annual,Annual,Annual,Annual,Annual,Annual,Annual,Annual,Annual,Annual,Annual,Annual,Annual,Annual,Annual,Annual,Annual,Annual,Annual,Annual,Annual,Annual,Annual,Annual,Annual,Annual,Annual,Annual,Annual,Annual,Annual,Annual,Annual,Annual,Annual,Annual,Annual,Annual,Annual,Annual,Annual,Annual,Annual,Annual,Annual,Annual,Annual,Annual,Annual,Annual,Annual,Annual,Annual,Annual,Annual,Annual,Annual,Annual,Annual,Annual,Annual,Annual,Annual,Annual,Annual,Annual,Annual,Annual,Annual,Annual,Annual,Annual,Annual,Annual,Annual,Annual,Annual,Annual,Annual,Annual,Annual,Annual,Annual,Annual,Annual,Annual,Annual,Annual,Annual,Annual,Annual
Collection Month,6,6,6,6,6,6,6,6,6,6,6,6,6,6,6,6,6,6,6,6,6,6,6,6,6,6,6,6,6,6,6,6,6,6,6,6,6,6,6,6,6,6,6,6,6,6,6,6,6,6,6,6,6,6,6,6,6,6,6,6,6,6,6,6,6,6,6,6,6,6,6,6,6,6,6,6,6,6,6,6,6,6,6,6,6,6,6,6,6,6,6,6,6,6,6,6,6,6,6,6,6,6,6,6,6,6,6,6,6,6,6,6,6,6,6,6,6,6,6
Series Start,Jun-1961,Jun-1961,Jun-1996,Jun-1996,Jun-1961,Jun-1961,Jun-1961,Jun-1961,Jun-1961,Jun-1961,Jun-1980,Jun-1987,Jun-1987,Jun-1980,Jun-1996,Jun-1996,Jun-1987,Jun-1987,Jun-1987,Jun-1987,Jun-1961,Jun-1960,Jun-1960,Jun-1995,Jun-1995,Jun-1960,Jun-1960,Jun-1960,Jun-1960,Jun-1960,Jun-1960,Jun-1960,Jun-1960,Jun-1960,Jun-1960,Jun-1979,Jun-1986,Jun-1986,Jun-1979,Jun-1995,Jun-1995,Jun-1986,Jun-1986,Jun-1986,Jun-1986,Jun-1960,Jun-1960,Jun-1960,Jun-1960,Jun-1960,Jun-1960,Jun-1960,Jun-1985,Jun-1960,Jun-1985,Jun-1986,Jun-1960,Jun-1985,Jun-1960,Jun-1996,Jun-1996,Jun-1996,Jun-1960,Jun-1996,Jun-1960,Jun-1960,Jun-1979,Jun-1986,Jun-1960,Jun-1972,Jun-1986,Jun-2002,Jun-2002,Jun-2001,Jun-2001,Jun-1986,Jun-1986,Jun-1986,Jun-1986,Jun-1986,Jun-1986,Jun-1986,Jun-1986,Jun-1986,Jun-1986,Jun-1986,Jun-1986,Jun-1961,Jun-1961,Jun-1961,Jun-1961,Jun-1961,Jun-1961,Jun-1986,Jun-1961,Jun-1986,Jun-1987,Jun-1961,Jun-1980,Jun-1987,Jun-1961,Jun-1973,Jun-1987,Jun-2003,Jun-2003,Jun-2002,Jun-2002,Jun-1987,Jun-1987,Jun-1987,Jun-1987,Jun-1987,Jun-1987,Jun-1987,Jun-1987,Jun-1987,Jun-1987,Jun-1987,Jun-1987
Series End,Jun-2025,Jun-2025,Jun-2025,Jun-2025,Jun-2025,Jun-2025,Jun-2025,Jun-2025,Jun-2025,Jun-2025,Jun-2025,Jun-2025,Jun-2025,Jun-2025,Jun-2025,Jun-2025,Jun-2025,Jun-2025,Jun-2025,Jun-2025,Jun-2025,Jun-2025,Jun-2025,Jun-2025,Jun-2025,Jun-2025,Jun-2025,Jun-2025,Jun-2025,Jun-2025,Jun-2025,Jun-2025,Jun-2025,Jun-2025,Jun-2025,Jun-2025,Jun-2025,Jun-2025,Jun-2025,Jun-2025,Jun-2025,Jun-2025,Jun-2025,Jun-2025,Jun-2025,Jun-2025,Jun-2025,Jun-2025,Jun-2025,Jun-2025,Jun-2025,Jun-2025,Jun-2025,Jun-2025,Jun-2025,Jun-2025,Jun-2025,Jun-2025,Jun-2025,Jun-2025,Jun-2025,Jun-2025,Jun-2025,Jun-2025,Jun-2025,Jun-2025,Jun-2025,Jun-2025,Jun-2025,Jun-2025,Jun-2025,Jun-2025,Jun-2025,Jun-2025,Jun-2025,Jun-2025,Jun-2025,Jun-2025,Jun-2025,Jun-2025,Jun-2025,Jun-2025,Jun-2025,Jun-2025,Jun-2025,Jun-2025,Jun-2025,Jun-2025,Jun-2025,Jun-2025,Jun-2025,Jun-2025,Jun-2025,Jun-2025,Jun-2025,Jun-2025,Jun-2025,Jun-2025,Jun-2025,Jun-2025,Jun-2025,Jun-2025,Jun-2025,Jun-2025,Jun-2025,Jun-2025,Jun-2025,Jun-2025,Jun-2025,Jun-2025,Jun-2025,Jun-2025,Jun-2025,Jun-2025,Jun-2025,Jun-2025,Jun-2025,Jun-2025,Jun-2025
No. Obs,65,65,30,30,65,65,65,65,65,65,46,39,39,46,30,30,39,39,39,39,65,66,66,31,31,66,66,66,66,66,66,66,66,66,66,47,40,40,47,31,31,40,40,40,40,66,66,66,66,66,66,66,41,66,41,40,66,41,66,30,30,30,66,30,66,66,47,40,66,54,40,24,24,25,25,40,40,40,40,40,40,40,40,40,40,40,40,65,65,65,65,65,65,40,65,40,39,65,46,39,65,53,39,23,23,24,24,39,39,39,39,39,39,39,39,39,39,39,39
Series ID,A2304830V,A2305033W,A3605665J,A130272183V,A2304836J,A2304838L,A2304810K,A2304851F,A2305076W,A2304657A,A2305015T,A2305088F,A130272184W,A2305020K,A3605666K,A130272185X,A2478946W,A2478947X,A2304800F,A2304797C,A2304802K,A2304755F,A2305001C,A3605667L,A130272186A,A2304773K,A2304775R,A2304735W,A2304846L,A2305058T,A2304617J,A2304887J,A2304605X,A2304633J,A2323368K,A2304958F,A2305086A,A130272187C,A2304964A,A3605668R,A130272188F,A2432926J,A2432927K,A2304706K,A2304703C,A2304708R,A2304843F,A2304844J,A2304845K,A2304754C,A2304616F,A2304681A,A2304753A,A2304615C,A2304680X,A2305130X,A2305129R,A2305012K,A2304619L,A2304899T,A2304632F,A2304906C,A2304889L,A2304903W,A2304902V,A2304901T,A2304854L,A129552316A,A2304583W,A2304919R,A129552317C,A108322796T,A108322797V,A108322798W,A108322799X,A124830436A,A124830437C,A124830438F,A124830439J,A124830440T,A124830441V,A124830442W,A124830443X,A124830450W,A124830451X,A124830452A,A124830453C,A2304848T,A2304849V,A2304850C,A2304829K,A2304656X,A2304789C,A2304828J,A2304655W,A2304788A,A2305128L,A2305127K,A2304907F,A129552318F,A2304645T,A2304923F,A129552319J,A108322800W,A108322801X,A108322802A,A108322803C,A124830460A,A124830461C,A124830462F,A124830463J,A124830464K,A124830465L,A124830466R,A124830467T,A124830474R,A124830475T,A124830476V,A124830477W
Jun-1960,,,,,,,,,,,,,,,,,,,,,,328717,32351,,,310508,290655,286244,266112,26190,16639,1637,16668,2487,14.2,,,,,,,,,,,57.9,326247,334511,325392,287877,14057,4.9,,2581,,,3030,,7499,,,,1820,,50.4,18.8,,,7500,,,,,,,,,,,,,,,,,,,,,,,,,,,,,,,,,,,,,,,,,,,,,,,,,,
Jun-1961,2.5,0.2,,,1.8,1.9,2.0,1.2,-1.0,5.8,,,,,,,,,,,-4.3,336872,32417,,,316185,296180,291971,269424,25926,17601,1694,17582,2518,14.0,,,,,,,,,,,55.4,336213,341530,332872,300085,15048,5.0,,2553,,,3208,,7939,,,,2060,,51.5,18.5,,,8097,,,,,,,,,,,,,,,,,,,3.1,2.1,2.3,4.2,7.1,2.7,,-1.1,,,5.9,,,8.0,,,,,,,,,,,,,,,,,,
Jun-1962,1.3,-1.1,,,0.4,1.4,1.7,0.9,-1.4,1.2,,,,,,,,,,,1.0,341241,32064,,,317589,300428,297007,271934,25551,17816,1674,17869,2296,13.7,,,,,,,,,,,56.0,343742,346376,333605,304016,15456,5.1,,2360,,,3069,,7833,,,,1705,,52.1,19.0,,,8356,,,,,,,,,,,,,,,,,,,2.2,1.4,0.2,1.3,2.7,1.4,,-7.6,,,-4.3,,,3.2,,,,,,,,,,,,,,,,,,
Jun-1963,6.2,4.2,,,6.4,6.5,6.2,6.4,4.4,8.1,,,,,,,,,,,2.2,362447,33417,,,337966,319996,315528,289277,26671,19262,1776,19208,2602,13.8,,,,,,,,,,,57.2,362451,366734,358155,323818,16675,5.1,,2586,,,3325,,8069,,,,2070,,51.4,19.7,,,8851,,,,,,,,,,,,,,,,,,,5.4,5.9,7.4,6.5,7.9,1.3,,9.6,,,8.4,,,5.9,,,,,,,,,,,,,,,,,,
Jun-1964,7.0,5.0,,,7.3,8.5,8.6,9.2,7.1,10.5,,,,,,,,,,,10.2,387737,35072,,,362741,347270,342661,315793,28564,21282,1925,21280,3237,14.8,,,,,,,,,,,63.1,389901,393110,380200,348264,18242,5.2,,3040,,,3668,,8278,,,,2242,,50.5,20.4,,,9694,,,,,,,,,,,,,,,,,,,7.6,7.2,6.2,7.5,9.4,1.7,,17.5,,,10.3,,,9.5,,,,,,,,,,,,,,,,,,
Jun-1965,6.0,3.9,,,6.2,5.3,5.5,5.5,3.4,9.1,,,,,,,,,,,-4.7,410914,36427,,,385264,365584,361441,333065,29526,23227,2059,23295,3418,13.2,,,,,,,,,,,60.1,412246,417060,403435,373218,20301,5.4,,2926,,,4031,,8829,,,,2743,,52.1,20.5,,,10907,,,,,,,,,,,,,,,,,,,5.7,6.1,6.1,7.2,11.3,3.8,,-3.8,,,9.9,,,12.5,,,,,,,,,,,,,,,,,,
Jun-1966,2.4,0.4,,,1.9,2.4,2.3,1.7,-0.3,5.1,,,,,,,,,,,0.0,420698,36565,,,392690,374276,369808,338678,29436,24419,2122,24367,3048,12.3,,,,,,,,,,,60.1,424588,425120,412387,386365,21726,5.6,,2692,,,4420,,9108,,,,2826,,54.0,19.8,,,11844,,,,,,,,,,,,,,,,,,,3.0,1.9,2.2,3.5,7.0,3.4,,-8.0,,,9.6,,,8.6,,,,,,,,,,,,,,,,,,
Jun-1967,6.3,4.5,,,6.5,6.2,6.3,6.3,4.5,11.5,,,,,,,,,,,-0.6,447231,38209,,,418359,397571,392959,360089,30764,27221,2326,27031,3814,15.1,,,,,,,,,,,59.7,450187,449606,441901,407503,23909,5.9,,3312,,,4761,,9387,,,,2841,,53.1,19.8,,,12980,,,,,,,,,,,,,,,,,,,6.0,5.8,7.2,5.5,10.0,4.3,,23.0,,,7.7,,,9.6,,,,,,,,,,,,,,,,,,
Jun-1968,5.1,3.3,,,5.0,4.6,4.2,3.9,2.1,7.5,,,,,,,,,,,-4.0,470018,39457,,,439264,415682,409365,374278,31420,29253,2456,28984,3467,11.8,,,,,,,,,,,57.3,475393,473150,461511,433286,26264,6.1,,2988,,,5291,,9823,,,,3164,,53.9,20.6,,,14158,,,,,,,,,,,,,,,,,,,5.6,5.2,4.4,6.3,9.9,3.3,,-9.8,,,11.1,,,9.1,,,,,,,,,,,,,,,,,,
Jun-1969,7.0,5.0,,,7.3,7.4,7.4,7.8,5.7,12.1,,,,,,,,,,,2.6,503143,41426,,,471410,446369,439653,403475,33220,32802,2701,32327,4736,14.4,,,,,,,,,,,58.8,505023,503755,500652,462589,29329,6.3,,3473,,,5751,,10295,,,,3207,,53.3,21.1,,,15692,,,,,,,,,,,,,,,,,,,6.2,6.5,8.5,6.8,11.7,4.6,,16.2,,,8.7,,,10.8,,,,,,,,,,,,,,,,,,
Jun-1970,7.2,4.9,,,7.5,7.4,7.4,7.8,5.5,12.7,,,,,,,,,,,1.9,539242,43462,,,506801,479554,472369,434900,35052,36960,2979,36546,5383,13.7,,,,,,,,,,,59.9,539159,541640,536929,493574,32660,6.6,,4300,,,6703,,10921,,,,3561,,53.1,21.9,,,17699,,,,,,,,,,,,,,,,,,,6.8,7.5,7.2,6.7,11.4,4.4,,23.8,,,16.6,,,12.8,,,,,,,,,,,,,,,,,,
Jun-1971,4.0,1.9,,,3.9,3.1,3.2,2.8,0.7,9.4,,,,,,,,,,,-6.3,560817,44286,,,526413,494460,487458,447171,35312,40432,3193,39991,5688,14.7,,,,,,,,,,,56.1,561751,563003,557697,520030,36545,7.0,,3887,,,7232,,11660,,,,3806,,55.6,21.1,,,20380,,,,,,,,,,,,,,,,,,,4.2,3.9,3.9,5.4,11.9,6.2,,-9.6,,,7.9,,,15.1,,,,,,,,,,,,,,,,,,
Jun-1972,3.9,-0.3,,,3.8,3.1,3.2,3.0,-1.2,10.3,,,,,,,,,,,-6.3,582728,44151,,,546330,509555,503182,460505,34891,44613,3380,44425,6235,14.8,,,,,,,,,,,52.6,584326,587936,575923,539882,40444,7.5,,4169,,,7578,,12216,,,,3814,,56.1,20.6,,,22833,4791,,,,,,,,,,,,,,,,,,4.0,4.4,3.3,3.8,10.7,6.6,,7.3,,,4.8,,,12.0,,,,,,,,,,,,,,,,,,
Jun-1973,2.6,1.0,,,2.3,5.1,5.1,5.2,3.6,11.8,,,,,,,,,,,19.0,597987,44595,,,559086,535542,528872,484514,36133,49892,3721,49925,7499,16.9,,,,,,,,,,,62.6,601303,606235,586424,566725,44826,7.9,,5066,,,7846,,12703,,,,3831,,55.7,20.9,,,25452,5241,,,,,,,,,,,,,,,,,,2.9,3.1,1.8,5.0,10.8,5.6,,21.5,,,3.5,,,11.5,9.4,,,,,,,,,,,,,,,,,
Jun-1974,4.1,2.5,,,4.0,5.1,5.3,5.4,3.8,21.2,,,,,,,,,,,7.5,622544,45727,,,581479,562840,557157,510466,37495,60445,4440,60239,9616,18.7,,,,,,,,,,,67.3,612984,627127,627521,592256,53351,9.0,,7094,,,9454,,14620,,,,5795,,56.8,18.9,,,31156,6176,,,,,,,,,,,,,,,,,,1.9,3.4,7.0,4.5,19.0,13.9,,40.0,,,20.5,,,22.4,17.8,,,,,,,,,,,,,,,,,
Jun-1975,1.3,-0.3,,,0.9,0.0,0.2,-0.6,-2.1,18.1,,,,,,,,,,,-9.0,630878,45610,,,586437,563083,558036,507573,36696,71356,5159,71513,8873,17.9,,,,,,,,,,,61.2,624731,638349,629554,603483,66187,11.0,,5169,,,9545,,17216,,,,7728,,62.0,17.3,,,40258,7952,,,,,,,,,,,,,,,,,,1.9,1.8,0.3,1.9,24.1,21.8,,-27.1,,,1.0,,,29.2,28.8,,,,,,,,,,,,,,,,,
Jun-1976,2.6,1.6,,,2.4,1.9,1.4,0.9,-0.1,17.0,,,,,,,,,,,-4.6,647204,46332,,,600565,573834,565985,512013,36654,83467,5975,83471,9136,16.5,,,,,,,,,,,58.4,648691,656525,636395,619595,78306,12.6,,5161,,,10505,,19196,,,,7999,,61.7,17.4,,,46562,9192,,,,,,,,,,,,,,,,,,3.8,2.8,1.1,2.7,18.3,15.2,,-0.1,,,10.1,,,15.7,15.6,,,,,,,,,,,,,,,,,
Jun-1977,3.6,2.6,,,3.6,3.1,3.1,3.0,1.9,15.4,,,,,,,,,,,-3.2,670454,47516,,,622194,591803,583653,527228,37365,96338,6828,95666,9686,15.2,,,,,,,,,,,56.6,673740,675466,662157,639635,90848,14.2,,5490,,,11644,,21968,,,,10428,,60.6,18.3,,,52635,10366,,,,,,,,,,,,,,,,,,3.9,2.9,4.0,3.2,16.0,12.4,,6.4,,,10.8,,,13.0,12.8,,,,,,,,,,,,,,,,,
Jun-1978,0.9,-0.3,,,0.4,-0.4,-0.4,-1.2,-2.3,9.2,,,,,,,,,,,-9.0,676457,47366,,,624610,589456,581208,521106,36488,105208,7367,103948,7993,14.3,,,,,,,,,,,51.4,679988,678284,671099,646327,99992,15.5,,5216,,,13224,,23271,,,,11242,,60.9,17.9,,,57692,11387,,,,,,,,,,,,,,,,,,0.9,0.4,1.4,1.0,10.1,8.9,,-5.0,,,13.6,,,9.6,9.9,,,,,,,,,,,,,,,,,
Jun-1979,4.1,3.0,,,4.0,4.2,4.1,4.0,2.9,13.0,,,,,,,,,,,0.7,703864,48775,,,649559,613924,604840,541747,37541,118923,8241,117485,11351,15.7,47.8,,,55.0,,,,,,,51.8,709624,706246,695721,677172,110692,16.3,,8231,,,16316,,25639,,,,13506,,58.0,18.6,12175,,61974,12254,,,,,,,,,,,,,,,,,,4.4,4.1,3.7,4.8,10.7,5.7,,57.8,,,23.4,,,7.4,7.6,,,,,,,,,,,,,,,,,
Jun-1980,3.0,1.8,,,2.8,3.6,3.4,3.3,2.1,13.4,2.5,,,0.5,,,,,,,3.7,725223,49664,,,667454,635991,625264,559475,38314,134805,9232,133407,14125,15.0,48.9,,,55.3,,,,,,,53.7,730610,730426,714634,698659,125229,17.9,,9576,,,17947,,29830,,,,16066,,57.0,19.3,13264,,68972,13364,,,,,,,,,,,,,,,,,,3.0,3.4,2.7,3.2,13.1,9.7,,16.3,,,10.0,8.9,,11.3,9.1,,,,,,,,,,,,,,,,,
Jun-1981,3.3,1.9,,,3.0,3.2,3.4,3.1,1.7,13.2,2.2,,,1.1,,,,,,,-0.8,749463,50614,,,687625,656425,646776,576718,38948,152581,10304,152084,15903,14.9,50.0,,,55.9,,,,,,,53.2,754491,758545,735352,725736,143576,19.8,,9005,,,22143,,32866,,,,19486,,58.0,19.5,14933,,79739,15042,,,,,,,,,,,,,,,,,,3.3,3.8,2.9,3.9,14.7,10.4,,-6.0,,,23.4,12.6,,15.6,12.6,,,,,,,,,,,,,,,,,
Jun-1982,3.3,1.6,,,2.9,3.1,3.1,2.7,1.1,15.4,0.4,,,2.9,,,,,,,-1.6,774410,51442,,,707756,676723,667031,592511,39359,176115,11699,172779,15739,14.2,50.2,,,57.5,,,,,,,52.4,777219,771326,774684,744958,166728,22.4,,9387,,,27041,,36208,,,,22640,,59.2,19.2,17053,,92368,17179,,,,,,,,,,,,,,,,,,3.0,1.7,5.3,2.6,16.1,13.1,,4.2,,,22.1,14.2,,15.8,14.2,,,,,,,,,,,,,,,,,
Jun-1983,-2.2,-3.7,,,-3.5,-2.4,-2.1,-3.5,-5.0,7.7,-3.4,,,1.2,,,,,,,-1.5,757173,49524,,,682760,660289,652778,571831,37402,189688,12407,188251,10094,11.7,48.5,,,58.2,,,,,,,51.6,764715,760533,746269,733195,183210,25.0,,6478,,,25839,,36608,,,,21978,,60.7,19.7,19218,,102436,19347,,,,,,,,,,,,,,,,,,-1.6,-1.4,-3.7,-1.6,9.9,11.6,,-31.0,,,-4.4,12.7,,10.9,12.6,,,,,,,,,,,,,,,,,
Jun-1984,4.6,3.3,,,4.5,4.9,4.2,4.1,2.8,12.8,1.8,,,2.7,,,,,,,2.4,791734,51134,,,713815,692761,679922,595552,38464,213941,13817,211358,16663,13.7,49.4,,,59.8,,,,,,,52.9,794350,797342,783511,761985,202889,26.6,,11052,,,27543,,37870,,,,23694,,56.9,22.0,20218,,108385,20343,,,,,,,,,,,,,,,,,,3.9,4.8,5.0,3.9,10.7,6.6,,70.6,,,6.6,5.2,,5.8,5.1,,,,,,,,,,,,,,,,,
Jun-1985,5.3,4.0,,,5.3,5.0,4.5,4.4,3.1,10.2,3.0,,,2.2,,,,,,,-1.6,833551,53169,,,751752,727670,710520,621570,39648,235787,15040,232516,20531,14.1,50.9,,,61.1,,,,,,,52.1,834522,842161,823972,806699,224458,27.8,25617,11329,44.2,,31468,106720,42528,,,,30282,,56.9,22.4,21549,,119292,21671,,,,,,,,,,,,,,,,,,5.1,5.6,5.2,5.9,10.6,4.5,,2.5,,,14.2,6.6,,10.1,6.5,,,,,,,,,,,,,,,,,
Jun-1986,4.0,2.5,,,3.7,2.6,2.5,1.9,0.5,10.8,4.2,,,-0.2,,,,,,,-9.5,866641,54504,,,779394,746670,728065,633425,39837,261198,16427,256537,17259,11.4,53.0,58.8,37.3,61.0,,,120.1,116.5,29.8,34.6,47.1,872945,873324,853654,847380,250558,29.6,20903,10640,50.9,54651,36628,110921,45890,,,,35872,,56.6,22.2,22565,13.1,131038,22664,13.5,,,,,212220,552512,72129,198076,166635,261714,274507,163253,71919,74206,78752,67373,4.6,3.7,3.6,5.0,11.6,6.3,-18.4,-6.1,15.1,,16.4,4.7,,9.8,4.6,,,,,,,,,,,,,,,,,
Jun-1987,2.6,1.0,,,2.0,1.7,1.6,1.0,-0.5,9.8,2.6,1.8,6.1,-0.1,,,-1.4,-1.2,6.7,8.2,-5.5,888799,55072,,,794880,759065,739490,639745,39640,286715,17766,281500,15767,8.7,54.4,59.8,39.6,61.0,,,118.4,115.2,31.8,37.4,44.6,901892,896123,868383,867997,275611,31.8,20723,11104,53.6,57241,41633,108038,48599,,,,37118,,55.9,22.8,23946,13.8,142507,24042,14.2,,,,,217248,561553,78465,218700,163504,276878,289288,160122,76870,84849,89480,72239,3.3,2.6,1.7,2.4,10.0,7.4,-0.9,4.4,5.3,4.7,13.7,6.1,5.4,8.8,6.1,5.4,,,,,2.4,1.6,8.8,10.4,-1.9,5.8,5.4,-1.9,6.9,14.3,13.6,7.2
Jun-1988,5.8,4.1,,,5.8,7.2,7.1,7.4,5.7,13.4,3.0,3.3,2.1,2.7,,,-3.2,-2.5,6.8,5.9,8.7,940006,57336,,,841198,813797,791915,687202,41916,324994,19823,318964,26340,7.7,56.0,61.8,40.4,62.6,,,114.7,112.3,34.0,39.6,48.4,946524,948432,925063,921565,310868,33.7,19822,14126,71.3,65960,50203,111940,53086,,,,40487,,54.3,24.7,25487,14.7,156596,25574,15.1,,,,,215891,596912,80968,247749,167653,287488,297317,166148,83462,95233,98510,80185,4.9,5.8,6.5,6.2,12.8,6.2,-4.3,27.2,33.0,15.2,20.6,6.4,6.6,9.9,6.4,6.4,,,,,-0.6,6.3,3.2,13.3,2.5,3.8,2.8,3.8,8.6,12.2,10.1,11.0
Jun-1989,3.9,2.1,,,3.5,6.3,5.6,5.6,3.7,13.5,4.3,4.7,2.4,-0.4,,,-2.0,-1.4,8.8,6.4,14.8,976469,58516,,,870869,864768,836107,725676,43487,368757,22098,358722,33805,8.5,58.4,64.7,41.3,62.4,,,112.3,110.7,37.0,42.2,55.6,972436,982776,974193,957517,351384,36.7,20474,17373,84.9,73552,57259,117534,58061,,,,47049,,53.6,24.7,27332,15.7,174997,27430,16.1,,,,,221203,639632,87377,283239,174122,302816,308442,175705,91390,108044,109985,89449,2.7,3.6,5.3,3.9,13.0,8.8,3.3,23.0,19.1,11.5,14.1,7.2,6.5,11.8,7.3,6.5,,,,,2.5,7.2,7.9,14.3,3.9,5.3,3.7,5.8,9.5,13.5,11.6,11.6
Jun-1990,3.6,2.0,,,3.1,3.6,3.0,2.3,0.8,9.9,3.6,3.3,4.5,0.0,,,1.2,1.2,6.5,6.1,0.4,1011358,59714,,,898014,896144,861069,742598,43845,405241,23927,391142,31710,8.5,60.5,66.9,43.2,62.4,,,113.7,112.1,39.4,44.8,55.8,1004710,1016276,1013088,989107,387704,39.2,22382,17537,78.4,74649,59706,121567,63411,,,,50961,,54.7,23.7,29390,16.8,196445,29532,17.3,,,,,233829,653925,97872,307298,181950,315467,320440,184238,100977,120858,122897,98938,3.3,3.4,4.0,3.3,10.3,6.8,9.3,0.9,-7.7,1.5,4.3,7.5,7.4,12.3,7.7,7.3,,,,,5.7,2.2,12.0,8.5,4.5,4.2,3.9,4.9,10.5,11.9,11.7,10.6
Jun-1991,-0.4,-1.7,,,-1.5,-1.3,-1.3,-2.6,-4.0,2.6,-1.7,-2.8,2.8,1.4,,,2.0,0.7,3.5,4.1,-5.3,1007468,58677,,,884648,884790,849589,722930,42105,415894,24222,399204,16167,7.4,59.5,65.0,44.4,63.2,,,115.9,112.8,40.8,46.6,52.8,1001433,1007640,1013332,982546,402782,41.0,23764,13113,55.2,64492,51662,116857,62779,,,,49001,,55.6,22.6,30919,17.9,204557,31112,18.4,,,,,236820,638195,103400,312000,180011,323976,328696,182408,104482,131496,133341,102637,-0.3,-0.8,0.0,-0.7,3.9,4.6,6.2,-25.2,-29.6,-13.6,-13.5,5.2,6.2,4.1,5.3,6.3,,,,,1.3,-2.4,5.6,1.5,-1.1,2.7,2.6,-1.0,3.5,8.8,8.5,3.7
Jun-1992,0.4,-0.8,,,-0.3,-0.1,0.6,-0.3,-1.5,1.9,-2.1,-2.9,1.1,2.6,,,-0.1,-0.2,1.6,2.0,-3.1,1011831,58222,,,881956,883849,854511,720836,41477,423875,24390,407554,4908,5.6,58.2,63.1,44.9,64.9,,,115.8,112.6,41.4,47.6,51.2,1017083,1006985,1011423,988733,412207,41.7,22503,11668,51.9,58235,45861,113054,61628,,,,50377,,55.4,23.4,32111,18.6,207550,32292,19.1,,,,,242012,640707,108529,318481,182914,333623,336311,186872,108748,139068,140002,107814,1.6,-0.1,-0.2,0.6,2.3,1.7,-5.3,-11.0,-6.0,-9.7,-11.2,3.9,4.1,1.5,3.8,3.8,,,,,2.2,0.4,5.0,2.1,1.6,3.0,2.3,2.4,4.1,5.8,5.0,5.0
Jun-1993,4.0,3.0,,,4.1,3.3,3.8,3.8,2.7,4.9,0.1,-0.1,0.8,3.9,,,-1.1,-0.4,0.9,1.7,-4.1,1052768,59962,,,918118,913085,887159,748053,42607,444848,25337,433025,13369,5.8,58.3,63.1,45.3,67.4,,,114.6,112.2,41.8,48.4,49.1,1056777,1055235,1046291,1028002,431772,42.0,24217,13076,54.0,62380,49847,114045,63845,,,,58829,,54.3,24.5,33467,19.3,215941,33619,19.9,,,,,245844,663874,111852,335594,185397,341406,344032,189482,113293,143752,144790,112255,3.9,4.8,3.4,4.0,4.7,0.7,7.6,12.1,4.1,7.1,8.7,4.2,4.0,4.0,4.1,4.5,,,,,1.6,3.6,3.1,5.4,1.4,2.3,2.3,1.4,4.2,3.4,3.4,4.1
Jun-1994,4.0,3.0,,,4.0,3.4,3.5,3.4,2.5,5.0,2.2,2.1,2.7,1.7,,,-0.7,-0.7,1.1,1.6,-2.8,1094656,61788,,,954725,944504,918121,773530,43662,467286,26376,457026,21017,5.8,59.6,64.4,46.5,68.5,,,113.8,111.4,42.2,49.1,47.7,1091813,1101777,1090379,1068753,453360,42.4,25410,13925,54.8,66778,53951,116915,65749,,,,63823,,54.0,25.4,34326,19.7,224942,34489,20.3,,,,,246282,688271,112827,354217,188312,350359,349618,194884,117674,149762,149028,118408,3.3,4.4,4.2,4.0,5.0,1.0,4.9,6.5,1.5,7.1,8.2,2.6,2.0,4.2,2.6,1.8,,,,,0.2,3.7,0.9,5.5,1.6,2.6,1.6,2.9,3.9,4.2,2.9,5.5
Jun-1995,3.9,2.9,,,3.9,4.5,3.9,3.8,2.8,6.3,4.1,5.2,-0.2,-0.2,,,-1.0,-1.4,1.9,1.5,3.3,1137240,63566,746836,186072,991554,987040,953593,802831,44874,496599,27758,479523,17860,4.5,62.0,67.8,46.4,68.4,61.0,84.8,112.7,109.9,43.1,49.9,49.3,1137240,1137240,1137240,1117592,484311,43.3,20601,12288,59.6,79789,63802,123569,73478,,,,74534,,54.5,25.5,34858,19.9,238488,34984,20.4,,,,,259678,730587,119751,382124,196687,365731,359704,207236,125350,159659,156444,128565,4.2,3.2,4.3,4.6,6.8,2.2,-18.9,-11.8,8.8,19.5,18.3,1.6,0.9,6.0,1.4,0.7,,,,,5.4,6.1,6.1,7.9,4.4,4.4,2.9,6.3,6.5,6.6,5.0,8.6
Jun-1996,3.9,2.6,4.4,2.7,3.8,4.5,4.4,4.5,3.2,6.7,2.4,2.4,2.5,1.4,2.0,0.2,0.2,0.7,2.7,2.1,3.2,1181202,65200,779866,191138,1029113,1031368,995486,839233,46324,529787,29243,511093,22923,4.5,63.5,69.4,47.5,69.4,62.2,84.9,112.9,110.6,44.2,50.9,50.9,1181202,1181202,1181202,1154795,514876,44.6,25756,14911,57.9,88607,69838,129377,75644,237560,313654,0.967,77209,0.325,54.8,25.5,36384,20.8,255699,36613,21.4,,,,,266628,756865,125197,403600,201249,381151,368312,216738,131402,171349,165030,137721,3.9,3.9,3.9,3.3,6.3,2.9,25.0,21.3,-2.9,11.1,9.5,4.4,4.4,7.2,4.7,4.8,,,,,2.7,3.6,4.5,5.6,2.3,4.2,2.4,4.6,4.8,7.3,5.5,7.1
Jun-1997,3.9,2.7,4.1,4.1,3.8,4.5,4.7,4.7,3.5,5.2,0.4,-0.3,3.2,3.5,4.4,0.8,0.7,0.3,1.3,0.8,3.0,1227481,66976,811764,198883,1067916,1078158,1042566,878903,47956,557533,30421,538847,31889,6.1,63.8,69.2,49.1,71.8,65.0,85.6,113.7,111.0,44.8,51.3,52.4,1227481,1227481,1227481,1198927,542945,45.3,27622,14588,52.8,96797,73603,141676,81044,246319,327147,0.977,78562,0.319,55.7,24.2,38387,22.0,273711,38631,22.4,,,,,269762,790194,127678,423778,207005,392129,376884,224374,135769,180168,172853,143084,3.9,3.9,3.9,3.8,5.5,1.6,7.2,-2.2,-8.8,9.2,5.4,5.5,5.6,7.0,5.5,4.7,,,,,1.2,4.4,2.0,5.0,2.9,2.9,2.3,3.5,3.3,5.1,4.7,3.9
Jun-1998,4.7,3.7,5.2,2.1,4.6,4.6,4.8,4.7,3.7,5.9,0.9,0.7,1.7,3.7,4.5,0.4,-1.1,-0.7,1.1,1.4,-0.6,1284888,69426,853981,203036,1117284,1127391,1092510,920594,49742,590253,31893,571689,31182,3.1,64.4,69.7,49.9,74.5,67.9,86.0,112.4,110.2,45.3,52.0,52.1,1284888,1284888,1284888,1256518,575840,45.8,27612,14413,52.2,106407,81673,147234,83684,265570,353944,0.935,89352,0.336,54.8,24.5,39597,22.8,285647,39879,23.3,,,,,275031,847715,132130,460435,218549,410905,392359,238647,142729,193981,184157,152553,4.7,4.7,4.7,4.8,6.1,1.2,0.0,-1.2,-1.2,9.9,11.0,3.2,3.6,4.4,3.2,3.9,,,,,2.0,7.3,3.5,8.6,5.6,4.8,4.1,6.4,5.1,7.7,6.5,6.6
Jun-1999,5.0,3.9,5.5,3.8,5.1,4.0,4.1,3.9,2.8,5.5,1.1,1.8,-1.5,3.9,3.6,5.4,-0.1,0.1,0.6,1.6,-4.9,1349495,72154,901212,210788,1173984,1173047,1137135,956571,51146,622917,33306,603526,25838,0.6,65.1,71.0,49.1,77.4,70.4,90.6,112.4,110.3,45.5,52.9,49.5,1349495,1349495,1349495,1317726,607759,46.1,30731,15158,49.3,110819,86074,158124,87837,280405,365912,0.949,96136,0.343,55.4,24.6,41129,23.7,303876,41443,24.3,,,,,295273,886080,146218,487079,227998,437506,411806,253666,149109,209936,196119,162926,5.0,5.0,5.0,4.9,5.5,0.6,11.3,5.2,-5.5,4.1,5.4,3.9,4.3,6.4,3.9,4.2,,,,,7.4,4.5,10.7,5.8,4.3,6.5,5.0,6.3,4.5,8.2,6.5,6.8
Jun-2000,3.9,2.7,4.3,2.8,3.7,4.7,5.0,4.9,3.8,6.6,3.1,3.8,0.5,0.8,0.5,2.2,-0.7,-0.6,2.1,1.5,4.0,1402342,74133,940005,216665,1217755,1228407,1193691,1003859,53068,663843,35093,644751,32028,0.1,67.1,73.6,49.4,78.0,70.7,92.6,111.6,109.7,46.5,53.7,51.5,1402342,1402342,1402342,1368981,647614,47.3,32261,16229,50.3,118645,90764,161567,95248,298764,396172,0.949,108559,0.363,54.8,25.5,42518,24.4,320726,42890,25.0,,,,,302541,937001,151911,524138,236345,457529,428693,264603,156391,224929,209602,171718,3.9,3.9,3.9,3.9,6.6,2.6,5.0,7.1,2.0,7.1,5.4,3.4,2.6,5.5,3.5,3.0,,,,,2.5,5.7,3.9,7.6,3.7,4.6,4.1,4.3,4.9,7.1,6.9,5.4
Jun-2001,2.0,0.8,1.9,3.4,1.5,2.4,2.5,2.0,0.8,6.8,0.7,0.5,1.8,1.3,1.4,1.6,-0.5,0.1,5.1,4.9,1.7,1430830,74762,957808,224025,1236462,1257679,1223186,1023828,53496,708764,37034,688973,27607,1.4,67.6,74.0,50.3,79.0,71.7,94.1,111.0,109.8,48.9,56.3,52.4,1430830,1430830,1430830,1396155,688802,49.3,33514,19962,59.6,117386,92172,164750,101578,299342,419376,0.962,119008,0.398,55.2,25.8,44356,25.7,342236,44708,26.4,,,10828,79793,308098,934396,160946,545864,244572,472249,443151,273250,167836,243666,225857,185645,2.0,2.0,2.0,2.0,6.4,4.3,3.9,23.0,18.4,-1.1,1.6,4.3,5.5,6.7,4.2,5.8,,,,,1.8,-0.3,5.9,4.1,3.5,3.2,3.4,3.3,7.3,8.3,7.8,8.1
Jun-2002,3.9,2.6,4.1,4.3,3.9,4.3,4.4,4.5,3.2,6.9,0.1,-0.6,3.1,3.8,4.8,1.1,-1.6,-1.2,2.7,2.4,1.5,1487345,76731,997313,233571,1284265,1311434,1276600,1069810,55190,757685,39088,737182,39051,2.6,67.7,73.5,51.9,82.0,75.1,95.1,109.3,108.5,50.2,57.7,53.1,1487345,1487345,1487345,1451354,732775,50.5,34793,24910,71.6,124370,98695,165773,101212,322396,443216,0.924,119890,0.372,54.2,24.9,46070,27.0,360604,46559,27.8,25978,91271,14456,81052,320269,977226,171828,584976,253540,483649,457360,280306,176667,257561,240387,193841,3.9,3.9,3.9,4.0,6.4,2.3,3.8,24.8,20.2,6.0,7.1,3.9,5.2,5.4,4.1,5.1,,,33.5,1.6,4.0,4.6,6.8,7.2,3.7,2.4,3.2,2.6,5.3,5.7,6.4,4.4
Jun-2003,3.1,1.9,3.1,1.9,2.8,3.4,3.3,3.0,1.8,6.2,2.2,2.3,1.6,0.9,0.8,0.2,-0.4,-0.7,2.8,2.5,1.5,1533323,78218,1028714,237921,1319920,1356041,1318598,1101613,56196,804444,41037,781865,36986,-1.5,69.2,75.2,52.7,82.7,75.7,95.4,108.9,107.7,51.5,59.1,53.9,1533323,1533323,1533323,1510459,785500,52.0,25827,18944,73.4,143535,112759,164351,100652,357831,473467,0.864,131767,0.368,54.4,26.2,47644,28.0,383200,48020,28.9,31291,105312,17852,92125,330437,1044182,181891,640224,267151,500750,472331,295811,189567,275478,257077,207968,3.1,3.1,3.1,4.1,7.2,3.0,-25.8,-24.0,2.5,15.4,14.2,3.4,3.5,6.3,3.1,4.1,20.4,15.4,23.5,13.7,3.2,6.9,5.9,9.4,5.4,3.5,3.3,5.5,7.3,7.0,6.9,7.3
Jun-2004,4.2,3.1,4.7,2.8,4.0,5.7,5.6,5.7,4.6,7.6,1.4,1.4,1.4,2.8,3.3,1.4,-1.2,-0.9,3.3,1.7,7.5,1598013,80607,1077297,244646,1372954,1432775,1392588,1164920,58761,865471,43656,840894,46713,-0.9,70.1,76.3,53.5,85.0,78.2,96.7,107.5,106.8,53.2,60.1,57.9,1598013,1598013,1598013,1564995,843077,53.9,33432,22394,67.0,161413,123126,172185,105214,386173,495468,0.838,131008,0.339,54.0,26.1,49890,29.3,409216,50295,30.3,33007,118631,19195,100056,345597,1111413,193685,691242,285357,522065,493360,314587,202189,294477,275270,221396,4.2,4.2,4.2,3.6,7.3,3.6,29.4,18.2,-8.7,12.5,9.2,4.7,4.8,6.8,4.7,4.7,5.5,12.6,7.5,8.6,4.6,6.4,6.5,8.0,6.8,4.3,4.5,6.3,6.7,6.9,7.1,6.5
Jun-2005,3.2,2.0,3.1,3.2,2.7,4.8,3.9,3.4,2.3,7.1,2.8,3.0,2.2,0.3,0.2,1.0,0.0,0.2,4.5,2.7,9.5,1648438,82242,1111172,252386,1410668,1502011,1446976,1204689,60103,926930,46246,892662,42561,0.1,72.1,78.6,54.6,85.3,78.3,97.6,107.5,107.0,55.6,61.8,63.4,1648438,1648438,1648438,1613763,904179,56.0,34982,22751,65.0,178875,136883,182340,116206,418286,545952,0.832,149064,0.356,53.9,25.8,52148,30.5,440571,52532,31.6,35783,132446,21508,111495,361331,1163791,210752,737150,302235,540825,514608,329770,213570,314249,295239,232580,3.2,3.2,3.2,3.1,7.2,4.0,4.6,1.6,-2.9,10.8,11.2,4.5,4.1,7.7,4.4,4.2,8.4,11.6,12.1,11.4,4.6,4.7,8.8,6.6,5.9,3.6,4.3,4.8,5.6,6.7,7.3,5.1
Jun-2006,2.8,1.4,2.9,2.4,2.3,4.8,4.6,4.4,3.1,8.0,2.0,1.5,3.9,0.8,1.4,-1.4,-1.3,-1.3,5.3,3.2,10.7,1694115,83416,1143405,258505,1442579,1573639,1513161,1257920,61939,1001309,49303,962497,52761,-1.0,73.5,79.7,56.8,86.0,79.5,96.2,106.1,105.6,58.5,63.7,70.2,1694115,1694115,1694115,1658295,978177,59.0,36109,23132,64.1,205524,157797,176513,118466,451300,605247,0.788,166862,0.370,53.4,27.1,54121,31.9,472338,54507,32.8,54060,142786,33183,120082,376456,1218563,230101,792566,309156,562513,531556,340785,223312,338581,318849,243044,2.8,2.8,2.8,2.8,8.2,5.3,3.2,1.7,-1.5,14.9,15.3,3.8,4.4,7.2,3.8,3.9,51.1,7.8,54.3,7.7,4.2,4.7,9.2,7.5,2.3,4.0,3.3,3.3,4.6,7.7,8.0,4.5
Jun-2007,3.8,2.2,4.3,3.1,3.5,5.3,4.6,4.6,3.0,9.0,3.0,3.3,1.7,0.8,1.0,1.4,-0.1,-0.9,4.8,3.3,7.1,1758313,85251,1192675,266554,1492983,1656451,1583327,1315362,63775,1091056,52900,1042568,54211,-0.4,75.7,82.4,57.7,86.7,80.2,97.6,105.9,104.6,61.4,65.8,75.2,1758313,1758313,1758313,1729686,1071094,61.9,29605,19962,67.4,220503,172161,177814,121980,486625,656032,0.739,181569,0.373,53.5,27.9,57122,33.7,516352,57527,34.5,63841,148356,41264,125540,390321,1279334,249332,858465,328019,589406,553617,364032,243075,368450,346600,264924,3.8,3.8,3.8,4.3,9.5,5.0,-18.0,-13.7,5.3,7.3,9.1,5.5,5.7,9.3,5.5,5.2,18.1,3.9,24.4,4.5,3.7,5.0,8.4,8.3,6.1,4.8,4.2,6.8,8.8,8.8,8.7,9.0
Jun-2008,3.6,1.7,4.2,3.2,3.3,4.8,5.2,5.2,3.2,8.4,3.1,3.5,1.6,0.5,0.7,1.6,0.1,0.5,4.3,3.1,5.6,1822034,86708,1243005,275193,1542054,1736078,1665707,1383295,65829,1182238,56261,1134026,66763,0.8,78.1,85.3,58.7,87.1,80.8,99.1,106.0,105.2,64.0,67.9,79.4,1822034,1822034,1822034,1790369,1158502,64.7,32515,23736,73.0,246442,192235,183734,133249,535294,718010,0.721,201283,0.376,53.6,27.0,60225,35.4,562260,60573,36.3,76501,163476,51274,136451,406338,1356507,272652,935036,348965,612188,575138,386415,264273,397182,376018,285437,3.6,3.6,3.6,3.5,8.2,4.5,9.8,18.9,8.3,11.8,11.7,5.4,5.1,8.9,5.3,5.1,19.8,10.2,24.3,8.7,4.1,6.0,9.4,8.9,6.4,3.9,3.9,6.1,8.7,7.8,8.5,7.7
Jun-2009,2.0,-0.2,1.5,5.4,1.3,3.4,4.1,3.8,1.5,7.0,1.0,-0.3,5.8,1.0,1.7,-0.4,-3.0,-3.1,5.8,4.3,7.2,1857652,86512,1261427,290002,1562782,1795804,1733329,1435237,66840,1265515,58936,1221184,96225,7.5,78.8,85.0,62.1,87.9,82.2,98.7,102.9,101.9,67.7,70.8,85.2,1857652,1857652,1857652,1819020,1240298,68.2,38778,25217,65.0,256550,206497,178792,135782,557404,788725,0.716,213552,0.383,51.5,29.1,61442,36.4,585036,61838,37.2,87216,163039,61411,139256,425045,1362516,298891,966074,351178,613891,582378,383772,267344,416947,400135,284156,2.0,2.0,2.0,1.6,7.1,5.4,19.3,6.2,-10.9,4.1,7.4,2.0,2.8,4.1,2.1,2.5,14.0,-0.3,19.8,2.1,4.6,0.4,9.6,3.3,0.6,0.3,1.3,-0.7,1.2,5.0,6.4,-0.4
Jun-2010,2.2,0.4,2.4,2.8,1.7,1.3,1.0,0.2,-1.6,3.4,0.0,-0.6,2.5,2.2,3.0,0.4,0.2,0.4,1.2,1.8,-3.6,1898707,86847,1291700,298196,1589851,1819997,1749849,1437433,65748,1308555,59853,1257879,68007,5.4,78.9,84.5,63.6,89.8,84.7,99.0,103.1,102.4,68.5,72.1,82.1,1898707,1898707,1898707,1860360,1283545,69.0,38441,25010,65.1,242895,191219,175755,134051,569922,771481,0.699,203892,0.358,52.0,28.1,63263,37.7,608620,63758,38.6,77005,157796,54015,130845,453220,1382247,326634,997288,362869,635891,600878,398806,279055,446584,426076,299563,2.2,2.2,2.2,2.3,3.5,1.2,-0.9,-0.8,0.0,-5.3,-7.4,3.0,3.7,4.0,3.1,3.8,-11.7,-3.2,-12.0,-6.0,6.6,1.4,9.3,3.2,3.3,3.6,3.2,3.9,4.4,7.1,6.5,5.4
Jun-2011,2.4,1.0,2.5,2.0,2.0,6.5,6.3,6.6,5.2,8.7,2.8,2.6,3.5,-0.4,0.0,-1.5,0.0,0.4,6.0,2.2,20.4,1944176,87696,1324549,304153,1621716,1937448,1860252,1533000,69149,1422950,64185,1365961,102809,7.2,81.1,86.7,65.9,89.5,84.7,97.6,103.1,102.7,72.7,73.7,98.9,1944176,1944176,1944176,1904315,1394034,73.2,39993,28916,72.3,265373,208616,180428,143930,600157,846955,0.661,220061,0.367,52.0,28.5,67298,40.0,663596,67848,41.0,96371,163477,68770,134313,459847,1444302,343090,1059093,379614,659098,619544,420026,296042,472197,451392,316847,2.4,2.4,2.4,2.4,8.6,6.1,4.0,15.6,11.1,9.3,9.1,6.4,5.8,9.0,6.4,6.3,25.1,3.6,27.3,2.7,1.5,4.5,5.0,6.2,4.6,3.6,3.1,5.3,6.1,5.7,5.9,5.8
Jun-2012,4.0,2.3,4.7,2.8,3.8,4.1,5.1,5.2,3.6,5.8,1.3,1.1,2.1,2.6,3.6,0.7,0.1,0.2,1.9,1.8,0.5,2021019,89747,1386756,312727,1683733,2016185,1955408,1613172,71636,1505777,66867,1460074,127409,7.7,82.1,87.6,67.2,91.9,87.7,98.3,103.2,102.9,74.1,75.0,99.4,2021019,2021019,2021019,1980930,1475664,74.5,40209,30113,74.9,329997,257710,186261,146671,655094,920630,0.638,249962,0.382,52.3,28.6,70566,41.8,708999,71144,42.9,159401,167985,113645,136541,471997,1535020,361643,1142200,395188,673806,633407,436706,311827,497060,475674,333213,4.0,4.0,4.0,4.0,5.9,1.8,0.5,4.1,3.6,24.4,23.5,4.9,4.5,6.8,4.9,4.5,65.4,2.8,65.3,1.7,2.6,6.3,5.4,7.8,4.1,2.2,2.2,4.0,5.3,5.3,5.4,5.2
Jun-2013,2.7,0.8,2.9,2.5,2.3,0.5,1.1,0.4,-1.4,2.5,0.6,0.3,1.5,2.0,2.6,1.0,0.0,0.2,0.0,1.9,-9.5,2074666,90498,1427186,320614,1721904,2026359,1976456,1618837,70614,1543718,67338,1505390,116035,6.2,82.6,87.9,68.2,93.7,89.9,99.3,103.2,103.1,74.0,76.5,89.9,2074666,2074666,2074666,2034998,1512291,74.3,39799,31427,79.0,347399,273311,185568,145643,682176,930779,0.633,246158,0.361,52.9,27.6,71478,42.5,732657,71996,43.7,187738,158021,136240,128090,471746,1575419,366945,1196619,405796,684605,648348,443411,324958,520721,504258,341421,2.7,2.7,2.7,2.7,2.5,-0.2,-1.0,4.4,5.4,5.3,6.1,1.3,1.9,3.3,1.2,2.0,17.8,-5.9,19.9,-6.2,-0.1,2.6,1.5,4.8,2.7,1.6,2.4,1.5,4.2,4.8,6.0,2.5
Jun-2014,2.6,1.0,2.7,3.5,2.3,1.8,1.7,1.2,-0.4,4.1,0.6,0.0,2.4,2.0,2.7,1.1,-0.3,-0.4,1.5,2.4,-3.8,2128632,91378,1466205,331983,1761466,2062989,2009650,1638220,70325,1606317,68956,1564455,109171,7.1,83.1,87.9,69.9,95.6,92.4,100.4,102.8,102.7,75.1,78.3,86.5,2128632,2128632,2128632,2088576,1575007,75.4,40229,31310,77.8,331123,266104,180187,146009,693291,966878,0.618,259571,0.374,52.8,27.4,73644,43.9,758560,74178,45.2,170689,157623,126947,130042,473023,1595386,374282,1239340,414795,700695,664618,452229,337410,546071,528966,354514,2.6,2.6,2.6,2.6,4.1,1.5,1.1,-0.4,-1.4,-4.7,-2.6,3.0,3.1,3.5,3.0,3.3,-9.1,-0.3,-6.8,1.5,0.3,1.3,2.0,3.6,2.2,2.4,2.5,2.0,3.8,4.9,4.9,3.8
Jun-2015,2.2,0.7,2.4,2.6,1.9,-0.2,0.4,-0.2,-1.6,1.5,0.9,0.3,2.9,1.3,2.1,-0.2,1.4,1.2,-0.1,1.8,-10.4,2174703,92002,1500887,340748,1794873,2059621,2018147,1635244,69180,1630787,68992,1597615,78919,7.4,83.8,88.2,71.9,96.8,94.3,100.2,104.2,103.9,75.1,79.8,77.5,2174703,2174703,2174703,2133966,1596964,74.8,40920,33823,82.7,307750,250208,181909,146875,694636,949708,0.623,265235,0.382,53.6,25.3,74877,44.8,780445,75330,45.8,134943,166182,101613,138553,475999,1610051,382928,1271831,423438,721127,679859,466037,345464,571814,545931,371347,2.2,2.2,2.2,2.2,1.4,-0.8,1.7,8.0,6.2,-7.1,-6.0,1.7,2.1,2.9,1.6,1.5,-20.9,5.4,-20.0,6.5,0.6,0.9,2.3,2.6,2.1,2.9,2.3,3.1,2.4,4.7,3.2,4.7
Jun-2016,2.8,1.3,2.4,3.2,2.7,0.6,0.3,-0.1,-1.5,2.1,1.8,1.4,3.2,1.0,1.0,0.0,1.2,1.3,-0.6,1.5,-10.0,2234630,93181,1536784,351707,1843857,2072465,2023905,1633416,68111,1664441,69405,1625094,39344,5.9,85.3,89.4,74.2,97.8,95.2,100.2,105.4,105.3,74.7,80.9,69.8,2234630,2234630,2234630,2197997,1629874,74.2,37315,34567,92.6,272281,225902,183672,145857,701672,945311,0.627,266590,0.380,54.4,24.3,75683,45.4,805108,76199,46.5,97737,165559,74593,141301,499638,1616935,408305,1295131,436056,739024,698851,477626,358391,593061,561342,390110,2.8,2.8,2.8,3.0,2.1,-0.9,-8.8,2.2,12.1,-11.5,-9.7,1.1,1.4,3.2,1.2,1.6,-27.6,-0.4,-26.6,2.0,5.0,0.4,6.6,1.8,3.0,2.5,2.8,2.5,3.7,3.7,2.8,5.1
Jun-2017,2.3,0.6,2.0,2.5,2.2,5.2,4.8,5.2,3.5,6.0,1.6,0.8,4.2,0.7,1.2,-1.6,-3.9,-3.4,3.7,0.7,14.3,2285877,93759,1567763,360587,1885007,2179851,2120778,1718995,70507,1764693,72381,1716498,70133,5.2,86.6,90.1,77.3,98.5,96.4,98.6,101.3,101.6,77.4,81.5,79.7,2285877,2285877,2285877,2244682,1722875,76.8,41149,41818,101.6,262214,216753,186360,153614,709726,1000814,0.618,271691,0.383,52.6,26.2,76297,45.5,826306,76741,46.8,73312,171540,56385,145239,533425,1632270,438986,1318405,443633,760576,718400,487202,368558,615135,582865,400828,2.3,2.3,2.3,2.1,5.7,3.5,10.3,21.0,9.7,-3.7,-4.1,0.8,0.3,2.6,0.7,0.6,-25.0,3.6,-24.4,2.8,6.8,0.9,7.5,1.8,1.7,2.9,2.8,2.0,2.8,3.7,3.8,2.7
Jun-2018,2.9,1.3,3.0,3.4,2.9,3.3,2.8,2.9,1.4,4.8,2.6,2.6,2.6,0.3,0.4,0.8,0.0,-0.3,1.9,1.5,1.9,2351577,94997,1615056,372868,1940298,2251594,2180735,1769243,71472,1848929,74691,1790353,71842,4.5,88.8,92.4,79.3,98.8,96.9,99.4,101.3,101.3,78.9,82.8,81.2,2351577,2351577,2351577,2312596,1809445,78.2,39766,39484,99.3,280412,232347,192174,162481,750499,1065672,0.600,296578,0.395,52.7,26.5,77732,46.5,866707,78294,47.6,70013,197294,54825,166612,552720,1688274,461716,1383146,458456,779666,736145,503437,383105,642150,608344,416911,2.9,2.9,2.9,3.0,5.0,1.9,-3.4,-5.6,-2.3,6.9,7.2,1.9,2.2,4.9,2.0,1.6,-4.5,15.0,-2.8,14.7,3.6,3.4,5.2,4.9,3.3,2.5,2.5,3.3,3.9,4.4,4.4,4.0
Jun-2019,2.2,0.6,1.7,5.0,2.1,3.5,3.3,3.4,1.8,5.7,2.0,1.5,3.8,0.2,0.3,1.2,-0.8,-1.1,3.3,1.9,5.8,2403171,95586,1643036,391634,1981553,2330723,2251751,1829876,72783,1955185,77767,1888580,92288,5.2,90.6,93.7,82.3,98.9,97.1,100.6,100.6,100.2,81.5,84.4,85.9,2403171,2403171,2403171,2370151,1919751,81.0,35267,35434,100.5,276404,234627,191478,169844,772794,1145997,0.592,314639,0.407,52.3,27.6,79701,47.9,912994,80247,48.8,60366,202457,49024,174584,579847,1698083,497182,1416975,466130,792970,750855,509733,395767,665707,631518,429956,2.2,2.2,2.2,2.5,6.1,3.5,-11.3,-10.3,1.2,-1.4,1.0,2.5,2.8,5.3,2.5,2.6,-13.8,2.6,-10.6,4.8,4.9,0.6,7.7,2.4,1.7,1.7,2.0,1.3,3.3,3.7,3.8,3.1
Jun-2020,-0.1,-1.6,-1.0,3.6,-0.6,0.1,1.1,0.9,-0.6,1.7,-1.7,-2.6,1.2,1.6,1.6,2.4,-1.5,-1.5,2.0,1.7,0.9,2399962,94058,1625995,405705,1968849,2332574,2277462,1845614,72332,1989006,77952,1941651,111682,11.6,89.1,91.3,83.3,100.5,98.7,102.9,99.1,98.7,83.2,85.8,86.7,2399962,2399962,2399962,2371889,1955181,82.4,31267,33825,108.2,274731,237126,178493,158201,773082,1155772,0.579,303179,0.392,51.8,28.3,82625,50.5,950587,83213,51.4,65168,196976,53964,172469,613586,1644855,535658,1393809,465608,752100,750066,469317,403396,640131,639145,404382,-0.1,-0.1,-0.1,0.1,1.8,1.8,-11.3,-4.5,7.7,-0.6,1.1,3.7,5.4,4.1,3.7,5.4,8.0,-2.7,10.1,-1.2,5.8,-3.1,7.7,-1.6,-0.1,-5.2,-0.1,-7.9,1.9,-3.8,1.2,-5.9
Jun-2021,2.0,1.6,1.2,4.7,2.0,4.2,5.3,5.9,5.4,5.1,0.3,-0.4,2.4,1.7,1.6,2.2,-2.6,-2.5,2.8,0.9,10.0,2448128,95533,1645132,424665,2007246,2430475,2398877,1954149,76257,2091023,81598,2063398,163710,15.0,89.4,90.9,85.3,102.2,100.3,105.2,96.5,96.3,85.5,86.6,95.4,2448128,2448128,2448128,2409388,2048741,85.0,39593,42282,106.8,279697,241090,182326,173044,809568,1204940,0.550,313003,0.387,50.8,29.0,85743,52.4,991359,86342,53.3,66675,199673,55304,174392,651237,1670025,573489,1431823,489571,736541,762500,465747,431254,634152,654582,410824,2.0,2.0,2.0,1.6,4.8,3.2,26.6,25.0,-1.3,1.8,1.7,3.8,3.9,4.3,3.8,3.7,2.3,1.4,2.5,1.1,6.1,1.5,7.1,2.7,5.1,-2.1,1.7,-0.8,6.9,-0.9,2.4,1.6
Jun-2022,4.3,3.7,4.5,4.0,4.6,6.9,4.1,4.4,3.8,11.8,2.7,2.0,4.5,1.5,2.4,-0.5,0.5,1.1,7.0,3.8,12.1,2552248,99044,1718837,441572,2099646,2598393,2496605,2040580,79188,2336902,90687,2245369,179875,13.5,91.8,92.8,89.1,103.8,102.6,104.7,97.0,97.3,91.5,89.9,106.9,2552248,2552248,2552248,2505212,2282151,91.1,46565,54751,117.6,297701,268599,196236,213475,884032,1416048,0.554,381466,0.432,50.3,31.0,89005,54.7,1064946,89534,55.9,72829,214038,63867,195053,693975,1755367,631082,1569986,504070,774929,776443,504126,459992,686346,688999,457339,4.3,4.3,4.3,4.0,11.4,7.1,17.6,29.5,10.1,6.4,11.4,3.8,4.4,7.4,3.7,4.8,9.2,7.2,15.5,11.8,6.6,5.1,10.0,9.6,3.0,5.2,1.8,8.2,6.7,8.2,5.3,11.3
Jun-2023,3.6,1.4,3.9,3.5,3.8,3.5,3.0,3.2,1.0,10.3,7.6,7.7,7.1,-3.7,-3.5,-3.4,-0.5,-0.3,6.4,6.3,-0.2,2643716,100463,1785901,457175,2178898,2690108,2571332,2105652,80016,2577013,97928,2463341,167141,4.3,98.7,99.9,95.5,99.9,99.0,101.2,96.5,97.0,97.4,95.6,106.7,2643716,2643716,2643716,2594478,2518942,97.1,48640,58071,119.4,317979,307933,209499,228324,981313,1571928,0.581,431338,0.440,50.5,31.4,93070,55.7,1171145,93514,56.9,73207,233380,70031,226962,711930,1846632,681020,1766172,512280,851648,796015,568141,496903,805111,749839,552176,3.6,3.6,3.6,3.6,10.4,6.6,4.5,6.1,1.5,6.8,14.6,4.6,1.8,10.0,4.4,1.8,0.5,9.0,9.7,16.4,2.6,5.2,7.9,12.5,1.6,9.9,2.5,12.7,8.0,17.3,8.8,20.7
Jun-2024,1.4,-1.0,1.1,3.5,1.1,-0.4,0.6,0.2,-2.2,4.0,1.3,0.1,4.7,0.1,1.0,-1.1,3.6,3.1,2.7,4.6,-6.3,2680025,99438,1804996,473285,2203607,2680025,2586538,2109274,78261,2680025,99438,2586538,137345,3.0,100.0,100.0,100.0,100.0,100.0,100.0,100.0,100.0,100.0,100.0,100.0,2680025,2680025,2680025,2633355,2633355,100.0,46589,46670,100.2,333544,333544,216228,236057,1030161,1565369,0.601,434080,0.421,52.5,29.3,97421,59.1,1261374,97992,60.3,77700,241936,77700,241936,742929,1874672,742929,1874672,504311,874104,808040,570375,504311,874104,808040,570375,1.4,1.4,1.4,1.5,4.5,3.0,-4.2,-19.6,-16.1,4.9,8.3,4.7,6.0,7.7,4.8,6.0,6.1,3.7,11.0,6.6,4.4,1.5,9.1,6.1,-1.6,2.6,1.5,0.4,1.5,8.6,7.8,3.3
Jun-2025,1.3,-0.3,0.8,2.7,1.1,0.3,0.8,0.5,-1.1,3.6,2.0,0.9,4.7,-0.6,-0.2,-1.9,2.2,2.6,2.2,3.4,-4.1,2715210,99157,1818564,485856,2227601,2688054,2608502,2120219,77428,2777427,101429,2698018,111116,5.9,102.0,100.9,104.7,99.4,99.8,98.1,102.2,102.6,102.2,103.4,95.9,2715811,2717833,2711985,2665029,2722487,102.2,50181,54939,109.5,333358,341123,218003,239583,1058452,1570169,0.609,443825,0.419,53.7,27.4,100949,61.3,1339612,101534,62.7,76920,241896,79372,246874,773539,1897737,799228,1960995,502944,891968,820558,574354,508702,934333,856661,586374,1.3,1.4,1.2,1.2,3.4,2.2,7.7,17.7,9.3,-0.1,2.3,3.6,3.9,6.2,3.6,4.0,-1.0,0.0,2.2,2.0,4.1,1.2,7.6,4.6,-0.3,2.0,1.5,0.7,0.9,6.9,6.0,2.8